House_ID,Area_sqft,Bedrooms,Bathrooms,Age_of_House_Years,Location,Furnishing_Status,Distance_to_City_Center_km,Floor_Number,Total_Floors_in_Building,Has_Parking,Price_Lakhs
HSE1507,1587.1,1,1.0,33.0,Rural,Semi-Furnished,3.95,9,18,Yes,44.76
HSE1818,1429.8,5,3.0,1.0,Downtown,Semi-Furnished,3.65,18,24,Yes,152.17
HSE1452,647.9,4,2.0,37.0,Suburb,Unfurnished,8.27,9,12,No,33.06
HSE1368,609.3,2,2.0,18.0,Downtown,Furnished,0.41,13,19,No,70.97
HSE1242,1595.9,4,3.0,29.0,Rural,Unfurnished,16.62,0,7,Yes,92.32
HSE1929,2273.7,2,2.0,21.0,Downtown,Furnished,,8,13,Yes,133.45
HSE1262,1379.2,2,1.0,20.0,Downtown,Semi-Furnished,0.89,1,4,Yes,91.71
HSE1810,814.9,1,1.0,28.0,Rural,Semi-Furnished,11.06,17,29,Yes,12.0
HSE1318,8504.4,4,4.0,42.0,Downtown,Furnished,,10,24,Yes,92.69
HSE1049,2118.7,4,4.0,41.0,Downtown,Furnished,4.53,8,13,No,162.31
HSE1446,1426.6,4,3.0,7.0,Rural,Semi-Furnished,6.91,17,30,Yes,88.0
HSE1142,1556.9,4,3.0,27.0,Suburb,Semi-Furnished,12.0,15,20,Yes,110.62
HSE1968,1578.8,2,2.0,31.0,Suburb,Semi-Furnished,2.9,13,23,Yes,111.46
HSE1345,2219.4,4,3.0,41.0,Suburb,Semi-Furnished,2.68,16,23,Yes,125.52
HSE1971,1358.9,1,1.0,16.0,Rural,Unfurnished,4.78,6,7,Yes,83.53
HSE1133,2034.5,2,1.0,15.0,Downtown,Furnished,8.78,2,3,No,113.51
HSE1104,1575.8,1,1.0,6.0,Rural,Unfurnished,12.91,10,14,Yes,93.64
HSE1006,2171.7,2,2.0,11.0,Downtown,Semi-Furnished,2.46,0,6,Yes,139.36
HSE1600,1509.4,2,2.0,41.0,Downtown,Furnished,4.92,10,18,No,113.6
HSE1496,1352.4,4,4.0,43.0,Suburb,Semi-Furnished,14.03,12,21,Yes,71.86
HSE1702,936.4,3,2.0,26.0,Downtown,Semi-Furnished,24.05,8,19,No,89.22
HSE1472,400.0,1,1.0,30.0,,Unfurnished,,1,9,No,47.35
HSE1598,1420.9,2,2.0,6.0,Downtown,Furnished,0.3,12,25,No,143.46
HSE1502,894.4,2,2.0,38.0,Downtown,Furnished,16.18,16,29,No,71.59
HSE1433,1730.9,3,2.0,9.0,Downtown,Semi-Furnished,3.65,14,19,Yes,128.12
HSE1119,1334.9,1,1.0,22.0,Suburb,Furnished,,12,13,Yes,93.89
HSE1108,2092.7,5,4.0,34.0,Downtown,Semi-Furnished,5.42,8,10,Yes,144.1
HSE1647,1719.5,5,3.0,41.0,,Unfurnished,22.68,10,18,Yes,103.02
HSE1589,1522.9,3,2.0,32.0,Downtown,Unfurnished,19.46,10,21,No,95.37
HSE1374,400.0,2,2.0,16.0,Downtown,Furnished,1.17,1,15,Yes,83.18
HSE1910,1717.0,4,3.0,35.0,Suburb,Semi-Furnished,6.6,17,31,Yes,119.81
HSE1718,1656.5,1,1.0,1.0,Downtown,Unfurnished,5.15,0,10,No,135.97
HSE1744,1688.3,4,3.0,4.0,Downtown,Semi-Furnished,3.64,18,26,No,129.32
HSE1494,1500.1,1,1.0,,Suburb,Semi-Furnished,14.85,18,29,Yes,73.53
HSE1404,538.9,4,3.0,41.0,Downtown,Semi-Furnished,,4,6,Yes,90.7
HSE1274,1009.3,3,3.0,19.0,Suburb,Semi-Furnished,,3,12,Yes,59.24
HSE1078,1718.1,5,3.0,12.0,Suburb,Furnished,0.3,10,24,Yes,139.33
HSE1721,1515.4,3,2.0,9.0,,Furnished,13.19,10,11,No,133.18
HSE1644,1691.6,5,3.0,30.0,Downtown,Furnished,2.5,2,9,Yes,137.53
HSE1614,1135.1,5,4.0,33.0,Rural,Semi-Furnished,,1,10,Yes,86.76
HSE1872,811.0,5,5.0,0.0,Suburb,Semi-Furnished,2.31,17,23,Yes,104.1
HSE1691,796.1,5,5.0,10.0,,Semi-Furnished,20.69,6,19,Yes,99.84
HSE1090,1464.2,3,2.0,22.0,,Unfurnished,4.3,5,16,No,106.78
HSE1101,1341.1,5,3.0,,,Unfurnished,,10,11,No,84.55
HSE1094,1415.8,3,,14.0,Suburb,Furnished,4.75,15,28,Yes,98.18
HSE1577,1823.2,1,1.0,11.0,Rural,Semi-Furnished,5.01,13,14,Yes,105.92
HSE1537,2153.6,4,3.0,26.0,Downtown,Semi-Furnished,5.7,4,10,Yes,154.75
HSE1041,1906.8,1,1.0,1.0,Suburb,Unfurnished,3.59,15,24,Yes,87.39
HSE1453,1596.0,4,3.0,8.0,Rural,Semi-Furnished,,10,16,Yes,118.57
HSE1995,1245.9,2,2.0,10.0,Downtown,Semi-Furnished,0.45,16,30,Yes,107.07
HSE1713,2036.6,3,2.0,24.0,,Semi-Furnished,0.3,15,17,Yes,117.69
HSE1034,1579.4,5,4.0,23.0,,Furnished,,12,19,No,82.87
HSE1639,1708.0,1,1.0,38.0,Suburb,Unfurnished,2.43,5,12,Yes,70.22
HSE1035,1334.8,3,,7.0,Rural,Semi-Furnished,5.49,17,23,Yes,90.07
HSE1148,1657.8,2,2.0,4.0,Downtown,Unfurnished,2.28,17,28,Yes,142.19
HSE1455,1132.3,1,1.0,7.0,Suburb,Unfurnished,17.95,8,15,No,74.04
HSE1885,1871.7,5,,40.0,Downtown,Semi-Furnished,1.12,12,25,Yes,149.14
HSE1677,1953.4,1,1.0,22.0,Suburb,Semi-Furnished,9.27,8,13,No,106.21
HSE1486,1488.5,3,,43.0,Downtown,Semi-Furnished,3.45,18,28,Yes,86.23
HSE1685,1070.7,1,1.0,8.0,Suburb,Unfurnished,11.63,8,19,Yes,47.84
HSE1307,1617.1,1,1.0,30.0,Downtown,Unfurnished,11.96,16,29,No,95.56
HSE1238,656.2,2,1.0,14.0,Suburb,Unfurnished,15.51,11,24,Yes,51.69
HSE1395,1486.8,5,3.0,3.0,Rural,Unfurnished,3.07,14,17,Yes,140.86
HSE1734,1852.5,5,5.0,9.0,Suburb,Furnished,31.61,11,20,Yes,77.72
HSE1822,2002.8,4,4.0,0.0,Downtown,Semi-Furnished,,16,20,Yes,182.17
HSE1812,1216.8,1,1.0,41.0,Downtown,Furnished,1.0,2,5,Yes,91.64
HSE1464,1381.0,5,4.0,19.0,Rural,Unfurnished,,2,10,No,95.66
HSE1816,,2,1.0,40.0,Suburb,Furnished,6.1,2,7,Yes,57.31
HSE1528,1500.2,1,1.0,38.0,Downtown,Unfurnished,8.89,18,25,Yes,93.84
HSE1017,1261.9,5,3.0,33.0,Suburb,Semi-Furnished,0.84,16,29,Yes,120.54
HSE1709,1681.9,2,2.0,30.0,Suburb,Semi-Furnished,,16,19,No,90.95
HSE1370,1017.3,4,4.0,41.0,Downtown,Unfurnished,1.66,14,21,Yes,92.46
HSE1241,1802.1,1,1.0,15.0,Rural,Unfurnished,2.44,13,19,No,80.98
HSE1964,1538.7,3,3.0,34.0,Downtown,Semi-Furnished,39.51,12,25,No,75.51
HSE1457,1921.9,1,1.0,17.0,Suburb,Semi-Furnished,0.8,8,12,Yes,71.04
HSE1065,1161.7,4,2.0,29.0,Suburb,Unfurnished,5.64,17,29,No,73.6
HSE1191,2022.8,3,3.0,34.0,Rural,Semi-Furnished,24.34,12,25,Yes,67.54
HSE1838,669.2,3,,,Suburb,Unfurnished,5.31,2,9,Yes,33.47
HSE1331,1233.4,5,4.0,19.0,Suburb,Unfurnished,9.7,11,18,No,87.19
HSE1638,780.8,2,1.0,4.0,Downtown,Unfurnished,0.48,4,16,No,92.96
HSE1255,1728.9,1,1.0,,Suburb,Semi-Furnished,,18,28,Yes,43.05
HSE1742,1126.3,2,1.0,25.0,Suburb,Unfurnished,0.3,19,25,Yes,99.83
HSE1756,6756.6,5,3.0,1.0,Suburb,Unfurnished,1.67,13,23,Yes,134.48
HSE1757,1899.4,2,2.0,,Suburb,Semi-Furnished,13.08,15,28,No,82.04
HSE1951,1224.5,3,3.0,19.0,Suburb,Furnished,6.63,9,14,Yes,72.16
HSE1992,2592.0,2,1.0,43.0,Downtown,Semi-Furnished,,8,12,Yes,134.79
HSE1463,1412.8,3,2.0,,Suburb,Semi-Furnished,12.77,1,13,No,74.97
HSE1843,847.7,2,2.0,16.0,Rural,Semi-Furnished,9.44,16,26,Yes,57.75
HSE1573,1746.2,3,2.0,21.0,Suburb,Unfurnished,4.9,2,13,Yes,111.05
HSE1527,1297.4,1,1.0,9.0,Downtown,Semi-Furnished,,17,28,Yes,117.37
HSE1654,2167.9,3,2.0,34.0,Suburb,Furnished,1.08,16,23,Yes,102.76
HSE1189,1424.0,2,,17.0,Downtown,Unfurnished,15.18,3,14,No,117.82
HSE1517,1916.8,1,1.0,21.0,Rural,Unfurnished,4.68,15,18,Yes,86.72
HSE1956,892.0,2,,17.0,Suburb,Semi-Furnished,,19,23,Yes,57.62
HSE1414,1411.2,1,1.0,16.0,Suburb,Semi-Furnished,1.88,11,18,Yes,82.28
HSE1671,1418.4,2,1.0,26.0,Rural,Unfurnished,1.7,10,21,Yes,69.79
HSE1559,1426.7,3,2.0,26.0,Suburb,Unfurnished,13.92,10,21,Yes,82.07
HSE1593,2170.4,3,2.0,34.0,Downtown,Furnished,14.06,9,13,Yes,108.07
HSE1258,1282.6,1,1.0,,Suburb,Furnished,4.46,0,5,Yes,59.72
HSE1154,1802.7,1,1.0,44.0,Rural,Semi-Furnished,,7,8,Yes,79.1
HSE1335,1690.8,2,,4.0,Downtown,Semi-Furnished,8.92,11,24,Yes,148.77
HSE1013,1373.4,5,5.0,25.0,Downtown,Furnished,,0,2,No,116.46
HSE1911,943.1,5,5.0,24.0,Downtown,Unfurnished,10.8,19,29,Yes,101.23
HSE1156,1440.3,3,,10.0,Suburb,Furnished,4.24,17,22,Yes,114.22
HSE1428,1062.8,2,1.0,19.0,Suburb,Semi-Furnished,4.1,14,18,Yes,56.1
HSE1824,1338.1,5,4.0,9.0,Suburb,Semi-Furnished,22.06,17,21,No,101.04
HSE1267,1055.8,4,,18.0,Suburb,Semi-Furnished,24.01,12,24,No,66.93
HSE1538,1647.0,3,2.0,,Suburb,Furnished,,6,15,Yes,103.98
HSE1236,1643.6,3,,,,Unfurnished,4.33,18,26,Yes,110.99
HSE1944,1374.5,4,3.0,13.0,Downtown,Unfurnished,26.07,0,2,No,77.91
HSE1479,1061.9,5,4.0,24.0,Suburb,Semi-Furnished,29.43,19,32,Yes,74.98
HSE1785,1522.4,2,,36.0,Rural,Unfurnished,4.36,11,22,No,87.13
HSE1950,1350.9,5,3.0,38.0,Suburb,Furnished,1.4,8,22,No,100.37
HSE1059,796.6,3,3.0,23.0,Downtown,Semi-Furnished,0.3,9,12,No,88.54
HSE1868,1971.3,3,3.0,15.0,Rural,Furnished,3.09,9,15,Yes,134.12
HSE1175,1863.6,1,1.0,3.0,Downtown,Semi-Furnished,13.33,13,25,Yes,129.23
HSE1711,1018.0,2,2.0,38.0,Suburb,Furnished,1.12,3,10,Yes,64.89
HSE1449,1435.0,2,2.0,6.0,Downtown,Semi-Furnished,1.53,7,9,Yes,134.83
HSE1120,1323.7,4,3.0,28.0,Rural,Unfurnished,0.84,1,13,Yes,86.76
HSE1794,1284.5,4,,,Downtown,Furnished,,11,23,Yes,134.66
HSE1180,1491.3,5,4.0,35.0,Downtown,Unfurnished,,11,21,Yes,112.28
HSE1311,713.2,5,,18.0,Downtown,Unfurnished,10.84,17,19,Yes,103.93
HSE1003,1665.3,2,2.0,17.0,Suburb,Unfurnished,13.7,1,2,Yes,70.3
HSE1194,1938.8,3,3.0,13.0,Downtown,Furnished,6.17,11,12,Yes,139.89
HSE1437,1694.4,3,2.0,17.0,Rural,Unfurnished,9.83,12,18,Yes,89.31
HSE1683,1828.8,2,2.0,30.0,Suburb,Unfurnished,0.59,11,24,Yes,106.54
HSE1799,1777.7,3,3.0,,Rural,Furnished,,3,4,Yes,94.27
HSE1746,1792.7,4,3.0,15.0,Suburb,Furnished,,8,14,Yes,132.5
HSE1625,1583.1,2,2.0,26.0,Suburb,Semi-Furnished,22.6,0,7,Yes,74.88
HSE1692,2227.7,1,1.0,32.0,Suburb,Semi-Furnished,5.82,3,6,No,101.66
HSE1551,2006.4,2,2.0,30.0,Rural,Semi-Furnished,10.92,4,5,No,107.75
HSE1248,2355.5,3,3.0,21.0,Rural,Unfurnished,12.44,9,21,Yes,113.31
HSE1659,1772.0,3,2.0,12.0,Suburb,Semi-Furnished,0.3,2,12,Yes,114.76
HSE1002,,2,1.0,,Suburb,Unfurnished,,8,19,No,77.33
HSE1997,2439.8,2,2.0,2.0,Downtown,Furnished,,12,17,Yes,181.49
HSE1860,994.9,2,2.0,23.0,Suburb,Unfurnished,2.49,5,14,Yes,70.11
HSE1776,1813.0,5,4.0,14.0,Downtown,Semi-Furnished,2.2,4,17,Yes,143.78
HSE1857,983.3,1,,23.0,Suburb,Semi-Furnished,12.64,0,11,Yes,40.02
HSE1358,2279.6,5,3.0,33.0,,Furnished,,0,12,Yes,143.97
HSE1769,1850.5,5,5.0,7.0,Rural,Semi-Furnished,0.3,5,11,Yes,131.12
HSE1073,1986.0,2,1.0,1.0,Rural,Furnished,,17,21,Yes,115.97
HSE1117,1746.0,3,3.0,25.0,Downtown,Unfurnished,6.26,2,13,Yes,112.53
HSE1938,1493.8,4,3.0,20.0,Downtown,Semi-Furnished,14.06,6,17,No,109.79
HSE1535,1433.5,2,2.0,9.0,,Furnished,,8,15,Yes,93.06
HSE1111,1226.5,1,1.0,20.0,Downtown,Furnished,2.26,12,17,Yes,78.89
HSE1509,1438.2,3,2.0,14.0,Suburb,Unfurnished,,14,20,Yes,87.32
HSE1512,1619.4,3,3.0,36.0,Rural,Unfurnished,,5,16,Yes,94.16
HSE1916,1807.5,5,4.0,21.0,,Unfurnished,6.77,8,22,Yes,157.15
HSE1555,,1,1.0,12.0,Suburb,Furnished,2.7,14,23,Yes,98.4
HSE1552,964.8,5,4.0,43.0,Suburb,Unfurnished,,16,19,No,73.69
HSE1354,793.1,4,3.0,44.0,Downtown,Semi-Furnished,8.12,18,19,Yes,58.82
HSE1970,1665.4,1,1.0,42.0,Suburb,Furnished,0.3,4,18,Yes,62.53
HSE1008,1490.4,3,2.0,,Suburb,Furnished,26.92,6,13,Yes,61.95
HSE1581,1766.3,2,1.0,38.0,Rural,Semi-Furnished,6.98,17,21,Yes,80.62
HSE1056,1645.4,1,1.0,15.0,Downtown,Unfurnished,4.32,17,29,No,117.56
HSE1576,1821.9,5,5.0,34.0,Downtown,Furnished,,1,7,Yes,144.19
HSE1705,1310.7,2,2.0,17.0,Rural,Furnished,10.03,15,24,Yes,53.32
HSE1651,918.0,5,,32.0,Suburb,Semi-Furnished,6.61,16,29,Yes,89.38
HSE1084,1070.2,3,2.0,6.0,Downtown,Unfurnished,13.42,1,8,Yes,101.06
HSE1228,867.2,5,,39.0,Rural,Unfurnished,,11,24,No,23.33
HSE1159,1445.8,1,1.0,3.0,Suburb,Furnished,16.92,7,14,Yes,78.63
HSE1205,1928.8,3,2.0,33.0,Downtown,Unfurnished,13.84,12,16,No,117.93
HSE1125,2184.6,5,3.0,38.0,Suburb,Semi-Furnished,1.44,5,14,No,140.49
HSE1688,1547.7,1,1.0,3.0,Suburb,Semi-Furnished,,13,17,Yes,90.54
HSE1887,777.0,5,4.0,22.0,Downtown,Furnished,13.19,6,20,No,97.23
HSE1473,1582.7,5,5.0,22.0,Rural,Semi-Furnished,,14,23,No,95.31
HSE1244,1356.4,3,3.0,29.0,Downtown,Unfurnished,10.18,14,15,No,114.13
HSE1597,760.6,4,3.0,,Downtown,Furnished,6.04,15,22,Yes,105.97
HSE1797,1323.6,3,2.0,,Suburb,Furnished,22.77,14,19,Yes,55.99
HSE1195,1725.5,4,2.0,3.0,Downtown,Unfurnished,6.86,8,12,No,134.64
HSE1202,1730.0,3,,15.0,Downtown,Furnished,6.69,18,25,Yes,144.19
HSE1081,1963.5,5,5.0,11.0,Suburb,Furnished,4.68,17,31,No,133.46
HSE1484,,5,,41.0,Suburb,Semi-Furnished,,5,17,Yes,113.06
HSE1443,1981.6,5,5.0,28.0,Suburb,Semi-Furnished,34.11,16,30,Yes,103.8
HSE1578,1697.3,2,1.0,23.0,Suburb,Semi-Furnished,2.2,15,22,Yes,66.44
HSE1201,676.2,2,1.0,41.0,Downtown,Furnished,0.3,6,17,Yes,61.83
HSE1186,1927.6,3,2.0,36.0,Rural,Semi-Furnished,12.54,15,26,No,68.32
HSE1516,2140.2,3,2.0,21.0,Suburb,Semi-Furnished,12.22,0,12,Yes,93.89
HSE1821,,1,,26.0,,Furnished,0.99,3,10,Yes,135.36
HSE1967,1116.9,2,2.0,41.0,Downtown,Semi-Furnished,6.53,3,6,No,61.53
HSE1216,1555.4,4,4.0,38.0,,Furnished,8.36,0,14,Yes,115.94
HSE1050,1209.3,3,3.0,18.0,Rural,Unfurnished,12.73,11,22,No,108.18
HSE1783,1758.8,1,,19.0,Downtown,Semi-Furnished,,3,9,Yes,113.72
HSE1672,1207.8,5,,25.0,Downtown,Unfurnished,7.65,19,26,No,137.57
HSE1531,466.7,3,3.0,5.0,Rural,Semi-Furnished,,9,22,Yes,25.63
HSE1314,1964.6,5,,12.0,Rural,Semi-Furnished,1.77,12,15,Yes,129.42
HSE1200,1205.7,5,4.0,27.0,Suburb,Unfurnished,,12,26,Yes,107.63
HSE1223,906.0,2,1.0,3.0,Suburb,Unfurnished,0.61,16,23,Yes,97.9
HSE1587,839.6,3,3.0,12.0,Downtown,Semi-Furnished,3.3,3,4,No,91.17
HSE1983,1367.2,2,2.0,24.0,Downtown,Semi-Furnished,2.11,9,13,Yes,94.91
HSE1699,2180.0,5,3.0,30.0,Suburb,Semi-Furnished,,12,18,Yes,140.72
HSE1826,1313.9,2,,24.0,Downtown,Furnished,,15,26,Yes,86.27
HSE1233,844.1,5,3.0,33.0,Suburb,Furnished,6.33,16,28,Yes,64.9
HSE1584,1545.8,4,3.0,40.0,Suburb,Unfurnished,5.6,6,7,Yes,93.3
HSE1974,1689.0,1,1.0,41.0,,Furnished,,10,16,No,64.75
HSE1430,1218.0,1,,20.0,Downtown,Semi-Furnished,,4,8,No,81.93
HSE1874,1757.4,1,1.0,25.0,Downtown,Unfurnished,1.16,1,5,Yes,124.74
HSE1550,1108.7,4,,34.0,Suburb,Unfurnished,2.23,10,22,No,89.25
HSE1608,999.8,2,1.0,,Suburb,Furnished,11.1,17,23,No,31.2
HSE1207,2091.7,5,4.0,,Suburb,Semi-Furnished,,1,5,Yes,166.22
HSE1382,2690.0,2,2.0,17.0,Suburb,Unfurnished,,0,5,Yes,154.55
HSE1994,880.1,1,1.0,15.0,Suburb,Unfurnished,36.29,8,19,Yes,28.09
HSE1982,1312.2,3,2.0,13.0,Downtown,Semi-Furnished,,0,13,Yes,91.44
HSE1047,1172.4,1,1.0,24.0,Suburb,Furnished,5.15,3,15,No,53.34
HSE1521,1588.8,5,4.0,28.0,Suburb,Unfurnished,4.68,8,19,No,126.45
HSE1636,1306.8,3,3.0,32.0,Suburb,Semi-Furnished,,0,6,Yes,67.92
HSE1019,935.6,1,1.0,22.0,Downtown,Furnished,,12,15,Yes,82.34
HSE1366,1424.3,4,3.0,1.0,Rural,Unfurnished,,11,14,Yes,112.09
HSE1340,1303.6,4,2.0,18.0,Suburb,Furnished,12.97,10,14,Yes,85.02
HSE1952,1011.7,5,3.0,1.0,Downtown,Semi-Furnished,,5,9,Yes,95.57
HSE1675,1229.8,1,1.0,37.0,Rural,Semi-Furnished,3.41,1,10,Yes,56.19
HSE1306,1629.9,2,,4.0,Suburb,Unfurnished,4.34,19,31,Yes,122.28
HSE1835,1084.1,2,2.0,21.0,Suburb,Semi-Furnished,10.34,10,11,No,75.1
HSE1429,879.2,5,5.0,0.0,Downtown,Unfurnished,,19,21,Yes,145.96
HSE1823,2151.8,2,1.0,22.0,Suburb,Unfurnished,6.16,13,17,Yes,113.17
HSE1304,2126.6,4,2.0,8.0,Suburb,Unfurnished,9.88,12,19,Yes,114.33
HSE1355,993.0,1,1.0,19.0,Suburb,Unfurnished,12.95,8,19,Yes,42.13
HSE1177,2327.2,1,1.0,17.0,Suburb,Furnished,23.52,19,27,Yes,100.03
HSE1945,1374.1,3,3.0,36.0,Downtown,Semi-Furnished,13.17,1,10,No,89.41
HSE1060,1897.4,5,3.0,33.0,Suburb,Unfurnished,16.54,15,16,Yes,105.16
HSE1309,1864.9,4,4.0,37.0,Downtown,Unfurnished,,3,10,Yes,141.23
HSE1892,1273.7,5,4.0,6.0,Rural,Unfurnished,8.04,14,24,No,108.09
HSE1301,1913.6,3,2.0,20.0,Suburb,Unfurnished,4.9,1,5,Yes,106.84
HSE1920,1146.3,4,3.0,36.0,Rural,Semi-Furnished,4.92,9,11,No,58.78
HSE1594,779.6,4,4.0,,Rural,Unfurnished,27.5,16,30,Yes,47.95
HSE1761,1724.0,5,3.0,24.0,Downtown,Unfurnished,,15,29,Yes,147.85
HSE1107,2012.9,5,3.0,31.0,Suburb,Unfurnished,,9,13,No,124.99
HSE1747,823.6,4,3.0,0.0,Suburb,Furnished,,18,24,Yes,79.36
HSE1988,1180.7,5,3.0,14.0,Downtown,Semi-Furnished,8.09,19,23,No,110.63
HSE1806,700.7,3,2.0,27.0,Rural,Semi-Furnished,4.84,2,11,Yes,67.4
HSE1099,1646.6,4,3.0,9.0,Downtown,Semi-Furnished,40.0,16,29,Yes,120.43
HSE1250,1181.2,3,3.0,20.0,Downtown,Unfurnished,8.16,5,11,No,116.42
HSE1833,1158.7,4,4.0,1.0,Downtown,Unfurnished,,2,9,Yes,122.41
HSE1474,2310.2,2,1.0,19.0,Suburb,Semi-Furnished,14.48,13,24,Yes,123.18
HSE1703,1663.6,4,,35.0,Downtown,Semi-Furnished,3.87,5,7,No,127.73
HSE1941,2149.6,2,2.0,30.0,Suburb,Semi-Furnished,0.75,9,22,Yes,135.29
HSE1383,823.7,3,,6.0,Rural,Furnished,34.48,3,8,Yes,24.86
HSE1680,613.5,1,1.0,14.0,Rural,Semi-Furnished,13.35,14,27,Yes,22.65
HSE1181,,3,2.0,24.0,Downtown,Semi-Furnished,18.23,7,19,Yes,110.23
HSE1012,1831.6,5,3.0,41.0,Rural,Unfurnished,1.17,12,13,Yes,132.6
HSE1613,1043.2,4,3.0,19.0,Downtown,Semi-Furnished,3.2,3,12,No,119.33
HSE1085,1690.6,3,2.0,25.0,Downtown,Semi-Furnished,7.1,8,22,Yes,138.55
HSE1320,1361.4,2,1.0,43.0,Suburb,Furnished,1.08,13,26,Yes,58.65
HSE1649,1414.1,3,3.0,17.0,Suburb,Unfurnished,5.79,1,8,Yes,85.67
HSE1710,,5,5.0,,Suburb,Furnished,27.06,2,6,Yes,118.2
HSE1385,1710.5,1,1.0,38.0,Rural,Semi-Furnished,,16,28,No,53.41
HSE1890,918.5,5,5.0,2.0,Suburb,Furnished,,16,27,Yes,106.34
HSE1439,1839.4,5,4.0,26.0,Downtown,Semi-Furnished,3.65,11,12,Yes,143.4
HSE1135,1590.5,5,4.0,41.0,Downtown,Furnished,7.05,14,23,No,137.09
HSE1567,1414.0,2,2.0,1.0,Suburb,Furnished,5.84,10,11,Yes,79.05
HSE1298,1209.2,2,2.0,27.0,Suburb,Semi-Furnished,3.79,8,10,No,88.66
HSE1160,522.3,5,5.0,32.0,Suburb,Unfurnished,26.96,2,10,Yes,48.05
HSE1268,1440.9,5,4.0,29.0,Suburb,Semi-Furnished,6.14,19,24,Yes,111.7
HSE1658,937.3,3,2.0,29.0,Suburb,Semi-Furnished,10.27,17,30,Yes,63.86
HSE1996,1959.6,1,1.0,,Rural,Unfurnished,3.51,11,22,Yes,85.79
HSE1641,886.6,1,1.0,37.0,Downtown,Unfurnished,1.37,0,11,Yes,93.04
HSE1906,1724.9,4,4.0,,Rural,Unfurnished,,7,9,No,108.51
HSE1805,1564.5,2,2.0,42.0,Suburb,Unfurnished,12.5,11,14,Yes,68.66
HSE1893,1618.6,3,2.0,25.0,Suburb,Furnished,,19,31,Yes,94.64
HSE1389,1323.8,1,1.0,3.0,Rural,Semi-Furnished,,14,25,No,441.75
HSE1121,1084.9,5,4.0,20.0,Rural,Unfurnished,7.8,7,11,No,89.16
HSE1837,1965.9,3,2.0,19.0,Suburb,Semi-Furnished,4.17,14,24,Yes,113.6
HSE1187,,5,,2.0,Suburb,Furnished,1.79,19,20,Yes,171.61
HSE1016,796.9,5,5.0,22.0,Downtown,Furnished,2.85,14,20,Yes,103.01
HSE1773,1800.9,5,5.0,30.0,Suburb,Unfurnished,0.44,17,20,Yes,119.48
HSE1493,2004.5,4,3.0,9.0,Downtown,Furnished,3.63,18,26,Yes,173.37
HSE1341,1450.7,2,1.0,32.0,Suburb,Semi-Furnished,,8,17,No,79.77
HSE1426,1152.2,3,2.0,44.0,Suburb,Furnished,,17,21,No,61.15
HSE1467,942.3,3,2.0,11.0,,Semi-Furnished,1.53,12,17,Yes,58.8
HSE1106,1047.1,2,1.0,27.0,Suburb,Semi-Furnished,10.15,18,27,Yes,55.28
HSE1408,1475.3,5,5.0,16.0,Rural,Semi-Furnished,,6,17,No,90.47
HSE1023,1484.0,1,1.0,39.0,Suburb,Unfurnished,31.87,1,6,No,38.14
HSE1831,1478.1,1,1.0,17.0,Suburb,Semi-Furnished,10.43,10,12,Yes,62.85
HSE1069,852.8,4,2.0,,Rural,Furnished,15.95,7,9,Yes,37.04
HSE1900,1469.8,5,3.0,31.0,Downtown,Semi-Furnished,9.48,1,8,No,110.62
HSE1676,660.1,4,3.0,4.0,Downtown,Furnished,2.47,0,9,No,88.12
HSE1801,885.3,4,3.0,23.0,Downtown,Unfurnished,4.23,18,30,Yes,101.57
HSE1599,2247.7,2,1.0,9.0,Downtown,Unfurnished,,8,20,Yes,163.58
HSE1643,1202.1,5,,29.0,Downtown,Semi-Furnished,11.65,9,23,No,116.53
HSE1339,1502.9,3,2.0,28.0,Downtown,Furnished,40.0,11,19,Yes,80.92
HSE1701,1494.6,5,3.0,1.0,Downtown,Semi-Furnished,5.41,2,14,No,136.26
HSE1873,1731.4,3,2.0,,Suburb,Unfurnished,3.09,19,32,Yes,125.26
HSE1074,1298.7,2,1.0,10.0,Suburb,Unfurnished,0.3,18,31,Yes,95.07
HSE1218,1519.6,3,2.0,37.0,Suburb,Semi-Furnished,,12,24,Yes,47.31
HSE1525,2041.7,5,5.0,1.0,Suburb,Furnished,13.24,7,8,Yes,126.77
HSE1265,1176.4,3,3.0,36.0,Suburb,Furnished,22.01,15,29,Yes,46.45
HSE1891,1810.4,5,,11.0,Rural,Semi-Furnished,15.66,7,17,No,122.87
HSE1110,545.2,4,3.0,35.0,Downtown,Unfurnished,4.99,14,16,Yes,66.01
HSE1435,,4,2.0,38.0,,Furnished,1.31,6,9,Yes,109.34
HSE1980,1750.0,4,3.0,8.0,Downtown,Furnished,,19,22,Yes,111.11
HSE1632,504.7,2,2.0,14.0,Suburb,Semi-Furnished,3.9,15,25,Yes,56.57
HSE1185,1019.5,1,1.0,35.0,Suburb,Unfurnished,13.97,15,19,No,43.5
HSE1286,1485.0,3,2.0,,Suburb,Furnished,23.85,16,25,Yes,56.49
HSE1582,1340.7,1,1.0,38.0,Suburb,Semi-Furnished,3.53,4,11,No,78.17
HSE1899,1125.7,5,3.0,6.0,Downtown,Unfurnished,2.96,5,17,No,133.53
HSE1459,1156.8,5,4.0,13.0,Downtown,Semi-Furnished,10.79,2,16,No,130.0
HSE1415,1431.9,4,3.0,0.0,Suburb,Unfurnished,0.6,9,19,Yes,128.04
HSE1061,1465.0,1,1.0,7.0,Downtown,Unfurnished,,11,20,Yes,111.19
HSE1347,1367.0,5,3.0,34.0,Downtown,Semi-Furnished,11.29,0,7,No,106.93
HSE1349,1349.8,4,3.0,39.0,,Furnished,,7,21,No,105.24
HSE1731,1058.5,2,1.0,20.0,Rural,Semi-Furnished,2.12,15,23,No,46.31
HSE1716,1273.1,4,3.0,19.0,Rural,Furnished,,16,30,No,67.04
HSE1640,2410.9,4,4.0,17.0,Downtown,Semi-Furnished,,0,14,Yes,164.59
HSE1804,1333.8,3,2.0,28.0,,Semi-Furnished,1.7,16,25,No,86.3
HSE1737,2140.1,2,,20.0,Rural,Furnished,,9,10,Yes,91.49
HSE1329,2227.0,1,1.0,15.0,,Semi-Furnished,6.3,8,11,No,123.37
HSE1927,1811.8,1,1.0,40.0,Suburb,Semi-Furnished,2.11,0,2,Yes,417.19
HSE1134,,5,4.0,30.0,Rural,Semi-Furnished,2.69,9,23,No,89.44
HSE1787,1202.9,3,2.0,,Suburb,Semi-Furnished,,18,25,Yes,92.66
HSE1764,1877.5,2,2.0,7.0,Downtown,Furnished,1.25,13,17,Yes,132.66
HSE1784,1725.3,5,5.0,44.0,,Semi-Furnished,3.91,12,22,Yes,126.08
HSE1057,1386.4,5,4.0,,Downtown,Semi-Furnished,1.25,1,10,No,133.52
HSE1825,903.3,1,,41.0,Rural,Semi-Furnished,2.95,0,14,No,35.52
HSE1928,1227.4,4,2.0,17.0,Suburb,Semi-Furnished,9.87,17,24,Yes,84.97
HSE1859,2192.1,3,3.0,34.0,Downtown,Unfurnished,18.01,4,16,No,135.97
HSE1786,,4,3.0,,Suburb,Semi-Furnished,6.61,0,12,No,114.41
HSE1291,1541.8,4,2.0,9.0,Downtown,Furnished,0.3,2,3,No,149.06
HSE1046,1509.4,1,1.0,39.0,Downtown,Furnished,40.0,3,16,Yes,35.92
HSE1277,1508.5,1,1.0,43.0,Suburb,Unfurnished,,8,12,Yes,54.35
HSE1841,1207.5,5,5.0,0.0,Suburb,Semi-Furnished,,18,20,Yes,99.72
HSE1926,897.6,4,3.0,15.0,,Semi-Furnished,0.83,1,10,No,103.28
HSE1224,1224.7,3,3.0,6.0,Downtown,Semi-Furnished,7.89,10,21,Yes,116.4
HSE1530,850.3,3,2.0,16.0,Rural,Semi-Furnished,2.6,6,10,No,48.4
HSE1280,1928.9,1,1.0,3.0,Rural,Semi-Furnished,,9,11,Yes,98.99
HSE1000,1104.9,3,2.0,38.0,Suburb,Furnished,,19,21,Yes,70.14
HSE1817,2056.1,3,,26.0,Suburb,Unfurnished,7.26,4,13,Yes,113.28
HSE1495,1495.8,1,1.0,29.0,Suburb,Semi-Furnished,1.73,18,25,No,76.76
HSE1066,1308.1,1,1.0,12.0,Downtown,Furnished,1.42,12,21,No,86.64
HSE1403,2118.5,2,1.0,17.0,Rural,Unfurnished,2.82,9,21,Yes,136.19
HSE1563,1269.1,3,3.0,39.0,Downtown,Furnished,31.3,3,6,No,60.02
HSE1481,1727.5,5,,6.0,Suburb,Furnished,5.56,4,16,Yes,132.19
HSE1571,1381.7,4,4.0,42.0,Suburb,Furnished,27.64,9,16,Yes,72.59
HSE1882,1601.4,4,,17.0,Downtown,Semi-Furnished,3.23,4,7,Yes,157.68
HSE1294,2069.6,5,,26.0,Downtown,Unfurnished,6.42,11,25,No,168.1
HSE1619,1465.8,2,2.0,,Suburb,Unfurnished,16.53,17,29,No,81.58
HSE1743,1735.1,5,3.0,7.0,Suburb,Furnished,14.43,12,19,Yes,98.47
HSE1245,1141.8,2,2.0,35.0,Rural,Semi-Furnished,,6,13,Yes,37.1
HSE1257,1902.8,4,,14.0,Suburb,Semi-Furnished,,19,25,No,141.04
HSE1161,1881.3,4,4.0,6.0,Suburb,Furnished,,2,5,Yes,124.41
HSE1726,1799.8,3,2.0,37.0,Downtown,Semi-Furnished,0.43,5,13,Yes,124.91
HSE1605,1357.0,1,1.0,10.0,Suburb,Semi-Furnished,6.66,12,25,Yes,83.35
HSE1953,1128.6,2,1.0,40.0,Rural,Unfurnished,0.3,16,22,Yes,53.26
HSE1436,1211.3,1,1.0,21.0,Downtown,Semi-Furnished,,9,14,Yes,99.12
HSE1855,1873.4,3,3.0,,Downtown,Furnished,4.78,5,14,Yes,163.79
HSE1768,1697.8,5,4.0,20.0,Downtown,Semi-Furnished,7.05,16,23,Yes,126.82
HSE1247,1509.6,5,,21.0,Rural,Furnished,3.52,19,30,Yes,125.34
HSE1541,987.5,4,3.0,23.0,Suburb,Furnished,,6,10,No,77.57
HSE1239,1551.8,5,5.0,26.0,Downtown,Furnished,,14,16,Yes,154.21
HSE1220,1219.8,1,1.0,21.0,Suburb,Unfurnished,1.37,15,21,Yes,66.59
HSE1957,904.9,2,,15.0,Downtown,Semi-Furnished,,2,15,Yes,112.36
HSE1092,1021.9,3,2.0,8.0,Suburb,Semi-Furnished,16.14,3,13,Yes,68.28
HSE1114,,3,3.0,3.0,Suburb,Semi-Furnished,24.34,15,26,Yes,62.8
HSE1798,1977.0,5,4.0,32.0,Suburb,Furnished,10.76,4,7,No,95.77
HSE1979,1083.1,2,2.0,17.0,Suburb,Unfurnished,2.69,19,30,Yes,67.07
HSE1076,1530.5,5,4.0,,Suburb,Semi-Furnished,4.86,5,13,Yes,102.19
HSE1981,1086.6,4,3.0,,Suburb,Unfurnished,18.9,13,15,Yes,77.37
HSE1386,1988.6,2,1.0,35.0,Downtown,Unfurnished,0.43,16,30,No,123.65
HSE1132,969.4,4,2.0,39.0,Downtown,Furnished,33.37,3,8,Yes,44.48
HSE1863,,5,,15.0,Suburb,Semi-Furnished,18.13,13,22,No,103.78
HSE1990,1402.3,4,3.0,3.0,Suburb,Unfurnished,4.49,15,25,Yes,124.5
HSE1058,1368.7,3,2.0,11.0,Downtown,Semi-Furnished,0.79,1,4,No,111.67
HSE1289,653.2,4,2.0,38.0,Suburb,Furnished,4.94,18,30,No,46.28
HSE1246,1984.2,4,3.0,2.0,Suburb,Furnished,7.81,14,17,Yes,118.48
HSE1364,1145.5,2,2.0,8.0,Rural,Unfurnished,7.85,14,18,Yes,61.69
HSE1871,1480.4,4,4.0,10.0,Downtown,Furnished,4.33,2,8,Yes,129.41
HSE1040,1696.5,4,3.0,10.0,Downtown,Semi-Furnished,1.53,19,24,No,139.04
HSE1089,2135.5,4,3.0,15.0,Suburb,Furnished,,3,10,No,112.27
HSE1192,1082.7,1,,33.0,Rural,Semi-Furnished,0.41,8,18,No,32.75
HSE1422,1491.6,4,3.0,34.0,Downtown,Furnished,2.39,15,26,Yes,121.84
HSE1068,1551.0,4,4.0,28.0,Downtown,Semi-Furnished,,11,13,Yes,119.68
HSE1661,1296.6,4,3.0,15.0,,Semi-Furnished,,17,27,No,82.45
HSE1372,2433.3,1,1.0,19.0,Downtown,Unfurnished,10.88,7,19,Yes,124.06
HSE1139,1286.3,5,3.0,25.0,Rural,Semi-Furnished,8.35,11,16,Yes,88.53
HSE1388,1638.6,1,1.0,44.0,Suburb,Unfurnished,0.45,19,31,No,66.77
HSE1832,1514.8,3,2.0,22.0,Downtown,Semi-Furnished,,8,19,Yes,126.98
HSE1118,1392.5,4,2.0,36.0,Rural,Furnished,,8,9,Yes,85.09
HSE1579,1508.8,3,3.0,4.0,Downtown,Semi-Furnished,5.08,6,18,Yes,121.22
HSE1922,1636.7,3,3.0,35.0,Rural,Semi-Furnished,,15,24,Yes,84.06
HSE1791,1263.3,3,3.0,28.0,Suburb,Unfurnished,9.82,19,21,No,59.09
HSE1350,2027.9,3,,2.0,Suburb,Unfurnished,0.3,4,10,Yes,119.98
HSE1811,2000.7,2,1.0,4.0,Rural,Unfurnished,2.54,0,1,Yes,117.28
HSE1434,1826.3,3,2.0,31.0,Downtown,Furnished,3.74,8,9,No,123.35
HSE1669,1208.6,2,1.0,29.0,Downtown,Unfurnished,,0,11,Yes,68.58
HSE1931,,5,3.0,20.0,Rural,Semi-Furnished,4.29,1,12,Yes,85.04
HSE1948,1756.8,1,1.0,32.0,Rural,Semi-Furnished,,19,25,Yes,38.91
HSE1014,1530.1,1,1.0,24.0,Downtown,Unfurnished,26.67,4,5,No,73.57
HSE1375,1371.3,1,1.0,26.0,Downtown,Unfurnished,14.47,9,10,Yes,79.91
HSE1082,1349.4,3,3.0,1.0,Downtown,Semi-Furnished,10.54,17,20,Yes,125.1
HSE1491,1568.6,4,2.0,,Suburb,Semi-Furnished,,10,17,Yes,95.42
HSE1697,1914.7,5,4.0,,Suburb,Furnished,5.27,3,12,Yes,153.86
HSE1879,1041.2,5,4.0,12.0,Downtown,Semi-Furnished,10.98,0,11,Yes,114.46
HSE1936,1511.4,4,4.0,28.0,Downtown,Furnished,11.84,10,24,No,136.71
HSE1088,1510.9,4,3.0,,Rural,Unfurnished,7.91,9,22,No,102.46
HSE1363,1255.8,2,2.0,22.0,Suburb,Semi-Furnished,5.35,15,26,Yes,88.95
HSE1273,1698.9,2,2.0,35.0,,Furnished,5.39,13,15,Yes,67.76
HSE1172,1079.1,5,5.0,18.0,Suburb,Semi-Furnished,,19,30,Yes,99.94
HSE1554,1094.7,2,1.0,39.0,Rural,Furnished,4.94,6,14,Yes,13.11
HSE1103,1367.1,4,3.0,,Suburb,Unfurnished,19.89,7,13,Yes,56.93
HSE1754,1773.0,3,3.0,42.0,Downtown,Unfurnished,4.93,10,13,Yes,119.53
HSE1673,2094.6,2,1.0,6.0,Suburb,Unfurnished,4.16,5,18,Yes,128.64
HSE1371,1607.7,4,3.0,,Downtown,Furnished,0.3,18,27,Yes,128.75
HSE1045,2425.9,5,5.0,,Suburb,Semi-Furnished,6.12,0,4,No,187.26
HSE1560,1518.4,2,2.0,5.0,Suburb,Semi-Furnished,,12,20,No,104.88
HSE1748,1973.4,5,3.0,15.0,Rural,Unfurnished,20.85,12,22,Yes,117.57
HSE1419,400.0,1,1.0,14.0,Suburb,Unfurnished,8.4,8,22,Yes,23.04
HSE1604,1331.2,1,1.0,30.0,,Furnished,2.63,5,8,Yes,90.98
HSE1725,983.0,1,1.0,33.0,Rural,Furnished,,7,14,Yes,45.82
HSE1011,1897.8,2,,31.0,Rural,Unfurnished,12.68,0,2,Yes,100.18
HSE1214,2476.9,3,2.0,34.0,Suburb,Semi-Furnished,,19,24,Yes,151.72
HSE1344,1383.5,5,5.0,2.0,Suburb,Unfurnished,,19,27,No,97.86
HSE1700,847.0,1,1.0,37.0,Suburb,Unfurnished,1.73,10,15,No,32.1
HSE1720,1195.9,4,,43.0,Rural,Furnished,0.71,3,16,No,67.91
HSE1147,1580.8,2,,34.0,Suburb,Semi-Furnished,,2,10,No,79.0
HSE1299,2298.9,4,3.0,38.0,Downtown,Unfurnished,2.39,8,14,Yes,153.63
HSE1283,1662.7,4,,,Downtown,Furnished,3.25,14,18,Yes,125.42
HSE1745,2130.7,3,2.0,14.0,Rural,Semi-Furnished,,6,8,Yes,112.28
HSE1412,1750.0,3,3.0,34.0,Rural,Furnished,2.23,11,13,Yes,84.06
HSE1629,7988.2,4,4.0,21.0,Downtown,Semi-Furnished,,4,8,No,112.4
HSE1795,1111.8,1,1.0,37.0,Rural,Furnished,,9,10,Yes,44.34
HSE1741,1136.3,5,5.0,43.0,Downtown,Unfurnished,40.0,2,14,Yes,88.78
HSE1886,1303.5,2,2.0,41.0,,Furnished,3.39,17,29,Yes,71.8
HSE1735,1386.8,1,1.0,4.0,Rural,Unfurnished,1.35,7,21,Yes,71.95
HSE1173,1988.7,4,3.0,,Downtown,Furnished,3.68,2,13,Yes,174.87
HSE1432,1928.9,2,2.0,0.0,Suburb,Semi-Furnished,1.33,3,9,Yes,125.7
HSE1985,1913.3,2,2.0,5.0,Suburb,Furnished,3.18,3,14,Yes,121.23
HSE1226,1306.8,5,4.0,1.0,Rural,Semi-Furnished,,19,29,Yes,88.05
HSE1305,1387.5,5,4.0,,Rural,Unfurnished,0.3,18,29,Yes,113.51
HSE1031,1527.8,3,3.0,19.0,Downtown,Semi-Furnished,0.47,8,10,Yes,131.69
HSE1719,1280.7,5,3.0,17.0,Suburb,Furnished,,11,22,No,96.1
HSE1483,2741.8,5,5.0,11.0,Suburb,Furnished,0.82,1,7,Yes,174.37
HSE1766,1248.8,2,1.0,6.0,Suburb,Unfurnished,,15,28,No,86.01
HSE1285,1548.9,1,1.0,31.0,Downtown,Semi-Furnished,,10,22,No,101.89
HSE1918,1982.8,4,,42.0,Suburb,Semi-Furnished,3.81,18,22,No,101.67
HSE1482,1977.1,3,3.0,30.0,Suburb,Semi-Furnished,31.89,19,28,Yes,74.67
HSE1913,1899.3,2,2.0,18.0,Suburb,Semi-Furnished,3.51,11,22,No,91.09
HSE1977,991.1,2,2.0,35.0,Downtown,Semi-Furnished,1.39,1,12,Yes,97.77
HSE1116,1878.3,5,5.0,43.0,Rural,Furnished,7.99,12,20,Yes,94.94
HSE1618,1944.3,5,5.0,6.0,Rural,Semi-Furnished,,9,17,Yes,131.98
HSE1652,1069.6,5,3.0,15.0,Suburb,Furnished,6.44,13,25,Yes,97.26
HSE1704,1899.1,5,3.0,10.0,Downtown,Semi-Furnished,4.42,10,12,No,160.33
HSE1095,1943.6,2,2.0,36.0,Suburb,Furnished,5.35,6,15,Yes,111.51
HSE1261,1903.6,5,4.0,36.0,Rural,Unfurnished,11.38,8,19,No,117.93
HSE1635,1380.0,3,2.0,36.0,Suburb,Furnished,5.63,14,17,Yes,72.47
HSE1592,1399.6,1,1.0,44.0,Downtown,Furnished,,10,11,No,83.84
HSE1574,968.6,1,1.0,,Rural,Furnished,23.21,13,26,Yes,17.61
HSE1954,2827.1,3,2.0,18.0,Suburb,Unfurnished,2.18,5,10,Yes,167.88
HSE1102,1652.3,1,1.0,14.0,Downtown,Unfurnished,6.67,15,22,Yes,140.94
HSE1062,1418.8,2,2.0,17.0,Rural,Unfurnished,1.9,0,6,Yes,78.99
HSE1204,1438.1,3,3.0,4.0,Suburb,Semi-Furnished,8.77,16,24,Yes,102.19
HSE1663,1619.6,2,2.0,27.0,Downtown,Semi-Furnished,,16,27,Yes,125.33
HSE1686,1316.8,3,2.0,28.0,Suburb,Unfurnished,8.58,12,23,No,84.32
HSE1184,1025.8,2,2.0,33.0,Downtown,Furnished,,11,14,Yes,58.77
HSE1678,1191.9,5,5.0,27.0,Rural,Furnished,,11,20,Yes,49.5
HSE1733,1707.9,5,3.0,,,Semi-Furnished,10.39,9,11,Yes,131.82
HSE1091,1703.6,2,1.0,39.0,Suburb,Semi-Furnished,2.39,13,19,Yes,96.29
HSE1942,934.6,1,,8.0,Suburb,Unfurnished,,4,8,Yes,44.43
HSE1708,1696.5,2,1.0,,Downtown,Semi-Furnished,,13,16,Yes,116.98
HSE1736,1231.1,3,2.0,,Suburb,Semi-Furnished,2.05,10,14,No,82.33
HSE1836,1900.6,3,2.0,36.0,Rural,Furnished,0.96,8,12,Yes,121.01
HSE1730,2037.3,3,3.0,35.0,Downtown,Semi-Furnished,5.68,15,17,Yes,123.31
HSE1411,1790.3,5,5.0,10.0,Rural,Furnished,,7,8,Yes,140.13
HSE1346,1752.4,3,3.0,20.0,Suburb,Semi-Furnished,3.77,13,27,Yes,103.3
HSE1480,1714.4,2,2.0,0.0,,Unfurnished,,8,16,Yes,114.68
HSE1814,1258.9,1,1.0,41.0,Rural,Furnished,20.28,0,8,Yes,34.54
HSE1029,2016.9,1,1.0,36.0,Downtown,Unfurnished,,16,21,Yes,117.32
HSE1054,1555.2,3,2.0,18.0,Suburb,Unfurnished,,9,17,Yes,86.63
HSE1487,703.9,4,,41.0,Downtown,Semi-Furnished,21.09,8,10,Yes,63.13
HSE1039,400.0,2,,22.0,Suburb,Semi-Furnished,10.53,10,21,Yes,52.79
HSE1157,1061.5,3,,41.0,Suburb,Unfurnished,2.14,18,31,Yes,54.36
HSE1894,1632.4,4,4.0,32.0,Suburb,Semi-Furnished,6.48,3,17,Yes,107.5
HSE1146,1731.3,1,1.0,27.0,,Unfurnished,0.66,8,22,No,74.55
HSE1221,1587.6,4,3.0,3.0,Suburb,Furnished,,15,25,Yes,96.05
HSE1684,1506.4,5,5.0,18.0,Rural,Furnished,21.75,13,16,Yes,79.11
HSE1772,1497.5,3,2.0,7.0,Downtown,Unfurnished,3.65,8,10,Yes,163.43
HSE1602,932.9,4,4.0,2.0,Downtown,Furnished,,5,6,Yes,120.47
HSE1800,1807.6,1,1.0,26.0,Suburb,Unfurnished,,19,27,Yes,66.71
HSE1394,1669.7,2,2.0,11.0,Downtown,Semi-Furnished,,10,11,Yes,134.35
HSE1052,1282.8,5,3.0,36.0,,Unfurnished,17.41,1,14,No,46.18
HSE1622,1124.2,1,1.0,10.0,Suburb,Semi-Furnished,3.19,0,12,Yes,77.56
HSE1674,2138.8,4,3.0,41.0,Suburb,Unfurnished,0.34,15,16,Yes,128.0
HSE1359,2504.1,4,3.0,20.0,Suburb,Semi-Furnished,16.7,1,2,Yes,111.9
HSE1504,1285.7,4,,5.0,Suburb,Semi-Furnished,27.19,11,15,Yes,77.79
HSE1402,1232.0,3,3.0,4.0,,Furnished,12.41,11,22,No,78.41
HSE1770,1706.0,4,2.0,20.0,Downtown,Semi-Furnished,11.45,10,21,No,116.36
HSE1421,1587.6,3,2.0,23.0,Suburb,Semi-Furnished,23.63,9,12,Yes,77.72
HSE1448,1196.2,5,4.0,33.0,Suburb,Unfurnished,,17,28,Yes,87.57
HSE1165,1585.7,3,3.0,9.0,Rural,Unfurnished,13.96,16,19,No,90.85
HSE1284,985.3,2,2.0,9.0,Suburb,Semi-Furnished,,0,9,Yes,81.2
HSE1080,1210.4,2,2.0,21.0,Rural,Unfurnished,10.13,19,24,Yes,35.23
HSE1227,1188.4,5,5.0,,Suburb,Furnished,13.62,2,4,Yes,70.26
HSE1447,1164.8,5,5.0,30.0,Suburb,Unfurnished,19.38,6,9,Yes,90.12
HSE1353,1701.5,2,2.0,37.0,Downtown,Unfurnished,21.65,2,7,Yes,105.67
HSE1310,1857.1,3,2.0,42.0,Suburb,Furnished,1.84,0,1,Yes,117.63
HSE1727,1708.2,3,,30.0,Suburb,Unfurnished,12.22,8,12,Yes,67.88
HSE1259,1566.1,3,3.0,27.0,Downtown,Semi-Furnished,1.4,7,12,Yes,130.44
HSE1323,2128.1,5,3.0,5.0,Downtown,Furnished,0.68,3,16,Yes,180.14
HSE1009,1163.8,5,,9.0,Suburb,Semi-Furnished,,9,14,Yes,64.87
HSE1679,1855.8,1,1.0,33.0,Rural,Semi-Furnished,,16,26,Yes,83.92
HSE1529,1770.5,3,3.0,23.0,Rural,Semi-Furnished,,14,17,Yes,93.29
HSE1030,1042.9,1,1.0,33.0,Suburb,Furnished,0.58,14,15,Yes,26.6
HSE1789,1689.4,2,1.0,40.0,Rural,Semi-Furnished,,17,18,Yes,57.89
HSE1179,1342.8,5,5.0,39.0,Downtown,Semi-Furnished,11.82,3,16,Yes,116.4
HSE1027,,5,3.0,17.0,Suburb,Unfurnished,34.25,9,11,Yes,48.56
HSE1033,1811.9,3,3.0,17.0,Rural,Furnished,,7,16,Yes,89.42
HSE1334,1135.7,2,1.0,27.0,Downtown,Unfurnished,2.46,17,30,Yes,83.53
HSE1361,,2,2.0,5.0,Suburb,Furnished,,13,23,Yes,506.79
HSE1293,1037.5,5,3.0,37.0,Suburb,Semi-Furnished,6.28,4,17,No,80.41
HSE1782,1900.7,2,2.0,,Downtown,Semi-Furnished,9.55,6,14,No,110.48
HSE1959,1746.3,4,3.0,11.0,Suburb,Unfurnished,15.83,17,30,Yes,111.11
HSE1005,1138.6,5,4.0,31.0,Downtown,Semi-Furnished,1.9,15,27,No,95.95
HSE1197,1950.5,3,3.0,40.0,Rural,Unfurnished,0.3,15,16,Yes,93.33
HSE1790,1721.4,3,2.0,39.0,Downtown,Furnished,,10,20,Yes,120.64
HSE1392,1779.7,3,,4.0,Suburb,Furnished,6.6,18,27,Yes,95.39
HSE1543,1465.9,5,5.0,3.0,Suburb,Furnished,4.2,15,25,No,109.64
HSE1788,1814.5,3,,22.0,Suburb,Furnished,,19,20,Yes,111.04
HSE1631,2117.8,3,3.0,24.0,Rural,Semi-Furnished,4.42,16,23,Yes,89.63
HSE1865,1653.3,2,2.0,15.0,Suburb,Unfurnished,,12,15,No,79.83
HSE1510,1675.7,4,2.0,13.0,Suburb,Unfurnished,16.21,1,7,Yes,97.68
HSE1122,2226.9,2,2.0,44.0,Downtown,Unfurnished,4.74,8,13,No,149.74
HSE1378,946.7,2,1.0,18.0,Rural,Semi-Furnished,2.29,7,16,Yes,52.83
HSE1038,1017.5,3,2.0,9.0,Suburb,Furnished,9.86,16,30,Yes,89.03
HSE1546,800.8,4,4.0,2.0,Downtown,Unfurnished,0.31,5,8,Yes,97.15
HSE1523,1357.8,2,1.0,6.0,Rural,Furnished,,18,23,Yes,88.54
HSE1162,1259.1,5,3.0,40.0,Suburb,Semi-Furnished,3.31,11,14,No,88.42
HSE1067,2016.8,4,4.0,18.0,Rural,Furnished,,14,23,Yes,93.9
HSE1124,2047.7,3,2.0,26.0,Downtown,Semi-Furnished,1.99,1,14,Yes,140.83
HSE1004,1911.1,1,1.0,27.0,Downtown,Unfurnished,,13,14,Yes,82.46
HSE1834,1396.3,2,,11.0,Suburb,Unfurnished,5.57,5,6,No,92.65
HSE1759,2307.8,3,2.0,,Suburb,Semi-Furnished,2.5,0,4,No,136.46
HSE1427,1683.2,5,4.0,11.0,Rural,Unfurnished,1.05,10,19,Yes,112.85
HSE1966,1396.6,4,4.0,16.0,Suburb,Furnished,2.71,12,25,Yes,95.08
HSE1553,2239.2,4,2.0,24.0,Suburb,Unfurnished,1.69,19,32,No,126.83
HSE1506,1618.2,5,,44.0,Rural,Semi-Furnished,1.23,3,7,Yes,92.56
HSE1975,1773.1,4,2.0,8.0,Downtown,Unfurnished,2.7,7,18,Yes,160.82
HSE1399,2067.9,3,,3.0,Suburb,Unfurnished,,19,28,Yes,83.31
HSE1802,2045.4,3,3.0,12.0,Suburb,Semi-Furnished,5.09,3,14,No,123.05
HSE1352,1451.7,4,4.0,44.0,Suburb,Semi-Furnished,4.23,8,21,Yes,80.02
HSE1839,1081.7,5,3.0,23.0,Suburb,Furnished,,0,2,Yes,109.69
HSE1848,1175.2,3,2.0,2.0,Suburb,Unfurnished,8.77,15,21,No,82.74
HSE1260,2225.5,3,3.0,15.0,Suburb,Furnished,9.64,13,23,Yes,131.45
HSE1333,1626.1,3,,24.0,Downtown,Unfurnished,36.17,11,14,Yes,84.07
HSE1153,1391.4,2,2.0,41.0,Suburb,Semi-Furnished,1.91,16,26,No,51.33
HSE1396,2006.7,1,1.0,23.0,Rural,Semi-Furnished,7.2,9,21,Yes,99.68
HSE1501,1363.3,3,3.0,30.0,Suburb,Semi-Furnished,6.73,9,23,No,79.67
HSE1373,1086.3,1,1.0,8.0,Suburb,Semi-Furnished,,1,8,Yes,62.52
HSE1312,,3,2.0,35.0,Downtown,Semi-Furnished,,18,24,No,140.84
HSE1042,436.7,4,4.0,25.0,Downtown,Semi-Furnished,8.11,8,14,Yes,85.23
HSE1758,1355.7,4,2.0,37.0,Rural,Furnished,27.37,10,19,Yes,61.91
HSE1522,1222.1,5,3.0,,Rural,Semi-Furnished,,4,6,Yes,91.35
HSE1650,1823.9,5,5.0,22.0,Downtown,Furnished,11.92,8,12,Yes,144.6
HSE1846,1593.3,2,,29.0,Downtown,Furnished,4.25,13,20,Yes,109.2
HSE1623,2440.3,5,,5.0,Suburb,Unfurnished,3.02,0,14,Yes,169.96
HSE1682,955.0,2,2.0,25.0,Downtown,Semi-Furnished,6.18,9,14,Yes,84.25
HSE1634,859.2,4,3.0,7.0,Downtown,Unfurnished,,16,22,Yes,70.04
HSE1750,1327.2,4,2.0,2.0,Downtown,Semi-Furnished,0.63,17,22,Yes,133.36
HSE1755,1417.6,1,1.0,20.0,Suburb,Unfurnished,,0,4,No,62.18
HSE1780,817.0,2,2.0,28.0,Suburb,Furnished,1.35,2,5,Yes,54.0
HSE1590,1578.0,2,2.0,39.0,Downtown,Semi-Furnished,1.88,17,22,Yes,117.44
HSE1445,1103.2,4,4.0,43.0,Rural,Furnished,3.96,10,20,Yes,61.89
HSE1272,1575.9,1,1.0,35.0,Rural,Unfurnished,5.11,5,8,Yes,57.86
HSE1877,1349.7,4,3.0,4.0,Suburb,Semi-Furnished,4.67,12,18,Yes,106.35
HSE1519,2056.3,2,2.0,2.0,Downtown,Unfurnished,,2,8,No,149.79
HSE1377,2381.3,5,5.0,35.0,Downtown,Semi-Furnished,2.87,16,21,No,209.87
HSE1498,1871.3,1,1.0,3.0,Rural,Semi-Furnished,11.49,17,20,Yes,109.09
HSE1878,1754.1,5,,34.0,Downtown,Furnished,3.41,12,22,No,137.61
HSE1930,2396.6,2,,1.0,Downtown,Semi-Furnished,,12,17,Yes,134.14
HSE1947,1653.0,3,3.0,13.0,Rural,Furnished,2.02,13,15,Yes,93.29
HSE1097,2665.3,1,1.0,,Suburb,Furnished,7.89,18,25,Yes,143.45
HSE1128,1681.7,2,2.0,22.0,,Semi-Furnished,,8,15,Yes,117.22
HSE1544,1801.7,3,,23.0,,Unfurnished,5.03,12,13,No,132.98
HSE1379,1723.5,1,1.0,16.0,Downtown,Semi-Furnished,3.73,3,13,No,124.03
HSE1203,2118.1,5,3.0,11.0,Rural,Semi-Furnished,21.54,18,32,No,120.4
HSE1343,1333.5,4,2.0,44.0,Suburb,Unfurnished,,2,14,Yes,91.08
HSE1888,2287.3,4,3.0,6.0,Downtown,Unfurnished,2.26,0,1,No,175.22
HSE1808,1036.8,4,4.0,7.0,Suburb,Furnished,3.88,14,26,Yes,93.58
HSE1518,1934.4,1,1.0,9.0,Rural,Furnished,5.31,6,19,No,109.05
HSE1779,1467.8,5,3.0,9.0,,Unfurnished,,3,17,No,110.2
HSE1488,1187.4,1,1.0,37.0,,Semi-Furnished,0.54,5,7,Yes,48.43
HSE1237,2103.2,2,2.0,12.0,Downtown,Semi-Furnished,15.35,0,6,No,128.65
HSE1549,1094.1,3,2.0,,Suburb,Semi-Furnished,,3,16,Yes,73.22
HSE1400,1092.4,4,3.0,,Downtown,Furnished,0.3,0,8,No,112.69
HSE1570,1491.3,2,1.0,27.0,Suburb,Semi-Furnished,20.28,6,16,No,74.33
HSE1232,1537.1,4,4.0,42.0,,Furnished,1.14,15,17,Yes,103.48
HSE1442,,1,1.0,38.0,Suburb,Semi-Furnished,1.04,15,24,No,69.07
HSE1098,1760.8,4,4.0,10.0,Downtown,Unfurnished,3.55,18,23,Yes,163.49
HSE1875,1472.0,5,4.0,3.0,Downtown,Semi-Furnished,2.81,16,30,Yes,157.56
HSE1978,,2,2.0,35.0,Suburb,Unfurnished,1.43,18,27,No,83.24
HSE1511,1453.6,1,1.0,5.0,Suburb,Unfurnished,,16,26,Yes,73.44
HSE1612,2211.2,1,1.0,31.0,Suburb,Semi-Furnished,5.52,4,10,Yes,104.64
HSE1217,,5,4.0,25.0,Suburb,Semi-Furnished,1.51,16,23,Yes,122.43
HSE1360,1787.1,5,5.0,22.0,Suburb,Unfurnished,12.23,13,17,No,116.01
HSE1558,1255.1,4,4.0,12.0,Suburb,Unfurnished,8.42,12,24,No,111.65
HSE1919,2563.7,4,2.0,,Downtown,Semi-Furnished,,8,11,No,146.7
HSE1958,,2,1.0,3.0,Downtown,Semi-Furnished,6.76,18,27,Yes,122.89
HSE1225,1483.3,3,3.0,22.0,,Semi-Furnished,2.34,7,13,No,124.55
HSE1018,1857.4,2,2.0,39.0,Suburb,Unfurnished,2.54,15,23,No,95.96
HSE1168,1730.9,5,5.0,37.0,Downtown,Furnished,12.49,8,21,Yes,139.35
HSE1292,1571.9,2,1.0,9.0,Rural,Semi-Furnished,3.12,14,24,No,77.06
HSE1607,1751.0,3,3.0,6.0,Suburb,Unfurnished,,14,27,Yes,133.06
HSE1397,1476.9,4,4.0,28.0,Suburb,Furnished,1.89,8,10,Yes,121.07
HSE1540,1780.0,3,,20.0,Rural,Unfurnished,0.68,19,24,Yes,92.13
HSE1328,1934.2,1,1.0,27.0,Suburb,Semi-Furnished,20.54,19,29,Yes,75.48
HSE1862,1957.9,4,4.0,35.0,Suburb,Furnished,18.31,15,19,Yes,109.24
HSE1667,1388.8,5,3.0,23.0,Downtown,Unfurnished,40.0,9,23,No,83.68
HSE1093,1692.7,3,2.0,31.0,,Semi-Furnished,8.85,14,23,No,94.85
HSE1213,1120.5,5,,23.0,Downtown,Unfurnished,11.59,15,24,Yes,95.37
HSE1337,1493.5,2,,17.0,Suburb,Semi-Furnished,,4,6,Yes,81.03
HSE1425,1926.4,4,3.0,18.0,Suburb,Unfurnished,0.42,2,11,No,142.78
HSE1803,,5,3.0,25.0,Suburb,Furnished,0.4,14,20,No,126.48
HSE1115,1272.9,4,3.0,10.0,Rural,Semi-Furnished,,8,21,Yes,97.37
HSE1158,1998.2,5,3.0,37.0,Downtown,Unfurnished,0.3,7,8,Yes,182.62
HSE1989,933.7,3,2.0,28.0,Rural,Unfurnished,,0,3,Yes,45.79
HSE1112,2083.6,3,3.0,,Rural,Furnished,19.71,1,12,No,103.87
HSE1036,1127.6,5,3.0,29.0,Downtown,Semi-Furnished,,4,13,Yes,104.48
HSE1105,2092.9,2,2.0,39.0,Downtown,Furnished,4.8,6,7,Yes,120.84
HSE1362,689.5,4,,12.0,Suburb,Semi-Furnished,5.74,0,3,Yes,57.59
HSE1365,1220.6,3,2.0,16.0,Suburb,Furnished,,14,23,Yes,69.62
HSE1441,1818.7,1,1.0,17.0,Rural,Furnished,7.92,0,14,No,57.29
HSE1565,1052.5,1,1.0,16.0,Suburb,Semi-Furnished,9.9,13,20,Yes,46.73
HSE1351,1666.3,5,3.0,24.0,Rural,Semi-Furnished,0.86,4,17,No,81.58
HSE1973,1717.2,4,2.0,44.0,Downtown,Semi-Furnished,6.79,11,21,Yes,138.34
HSE1249,1472.7,5,3.0,11.0,Rural,Semi-Furnished,2.13,13,21,Yes,96.71
HSE1852,2253.1,2,2.0,43.0,Downtown,Unfurnished,18.99,16,26,No,92.51
HSE1796,1812.1,1,,30.0,Rural,Unfurnished,17.08,7,21,Yes,33.01
HSE1406,1975.2,1,1.0,11.0,Suburb,Unfurnished,9.56,14,21,Yes,72.92
HSE1853,2103.2,3,2.0,44.0,Rural,Unfurnished,7.08,11,21,Yes,95.59
HSE1164,1649.4,5,4.0,36.0,Downtown,Furnished,9.12,3,7,Yes,150.94
HSE1876,2006.0,1,1.0,42.0,Suburb,Semi-Furnished,6.79,18,31,No,412.34
HSE1861,1087.1,4,4.0,27.0,Suburb,Semi-Furnished,4.23,15,17,Yes,92.36
HSE1828,1066.3,1,1.0,5.0,Suburb,Unfurnished,2.28,8,13,Yes,77.94
HSE1083,1318.4,3,2.0,36.0,Downtown,Unfurnished,,9,16,Yes,96.29
HSE1698,1442.6,3,3.0,38.0,,Unfurnished,7.8,16,30,Yes,91.89
HSE1295,1110.2,2,1.0,20.0,Suburb,Furnished,3.53,19,25,Yes,61.79
HSE1070,1913.7,1,1.0,25.0,Suburb,Furnished,4.18,9,22,Yes,92.66
HSE1610,1724.2,1,1.0,5.0,Downtown,Unfurnished,37.37,13,20,Yes,72.95
HSE1664,1303.5,5,,,Downtown,Unfurnished,0.53,17,31,Yes,116.04
HSE1923,1824.7,3,2.0,3.0,Suburb,Semi-Furnished,,17,29,No,110.18
HSE1963,1647.5,1,1.0,11.0,Suburb,Semi-Furnished,0.62,4,14,No,76.66
HSE1902,1806.9,4,2.0,19.0,Downtown,Unfurnished,3.73,3,6,No,142.3
HSE1724,1805.7,3,2.0,1.0,Suburb,Semi-Furnished,15.42,16,25,Yes,91.71
HSE1127,1305.8,4,2.0,12.0,Rural,Semi-Furnished,20.89,4,18,No,50.39
HSE1840,826.6,5,4.0,19.0,Downtown,Semi-Furnished,13.65,19,30,Yes,79.25
HSE1001,1127.9,3,3.0,23.0,Rural,Semi-Furnished,19.22,9,22,No,58.07
HSE1897,1189.3,5,,1.0,Rural,Furnished,2.12,0,11,Yes,89.84
HSE1539,6974.3,1,1.0,18.0,Downtown,Semi-Furnished,3.56,18,30,Yes,124.94
HSE1601,1603.8,4,4.0,33.0,Downtown,Semi-Furnished,7.92,10,16,Yes,132.86
HSE1308,1439.6,4,3.0,39.0,Suburb,Semi-Furnished,3.31,5,14,Yes,74.48
HSE1585,2197.1,2,2.0,44.0,Downtown,Furnished,14.19,14,18,No,119.77
HSE1410,,1,1.0,23.0,Downtown,Furnished,9.42,5,7,Yes,91.69
HSE1171,1776.9,2,2.0,28.0,,Unfurnished,7.79,10,12,Yes,106.46
HSE1417,2010.2,4,4.0,31.0,Downtown,Furnished,4.12,14,19,Yes,136.78
HSE1763,1689.7,3,3.0,7.0,Suburb,Semi-Furnished,5.59,14,19,No,100.99
HSE1935,1479.6,2,2.0,38.0,Downtown,Unfurnished,2.75,14,23,No,99.82
HSE1603,1222.6,4,3.0,7.0,Downtown,Semi-Furnished,10.86,0,7,Yes,93.63
HSE1460,1153.9,1,1.0,27.0,Downtown,Semi-Furnished,11.32,2,12,Yes,92.57
HSE1866,1675.8,2,1.0,,Downtown,Furnished,0.74,19,20,Yes,112.69
HSE1637,1764.8,2,,21.0,Downtown,Furnished,5.01,11,13,Yes,105.87
HSE1423,1325.2,5,4.0,21.0,Suburb,Furnished,3.29,6,19,No,117.05
HSE1315,2007.0,1,1.0,13.0,,Semi-Furnished,16.6,7,16,Yes,108.61
HSE1376,1995.4,2,2.0,1.0,Rural,Semi-Furnished,,2,10,No,126.89
HSE1524,1777.1,5,5.0,12.0,Rural,Semi-Furnished,,14,28,Yes,99.86
HSE1867,903.1,3,3.0,14.0,Downtown,Furnished,16.02,9,16,Yes,72.33
HSE1438,,5,4.0,31.0,Suburb,Furnished,,7,21,Yes,118.27
HSE1739,1940.5,3,3.0,25.0,Suburb,Semi-Furnished,1.66,16,20,Yes,94.25
HSE1150,1785.6,4,4.0,,Rural,Unfurnished,3.95,14,22,Yes,90.28
HSE1999,654.0,4,3.0,37.0,Suburb,Furnished,3.04,15,17,Yes,56.22
HSE1556,1352.1,1,1.0,3.0,,Semi-Furnished,,14,21,Yes,117.4
HSE1819,1253.3,5,3.0,24.0,Downtown,Semi-Furnished,,0,12,No,126.73
HSE1807,1683.9,1,1.0,27.0,Rural,Furnished,,9,18,Yes,77.44
HSE1409,1628.5,1,1.0,29.0,Downtown,Unfurnished,22.18,16,27,Yes,81.08
HSE1143,2372.5,2,,8.0,Downtown,Semi-Furnished,8.95,2,15,Yes,137.94
HSE1526,1437.2,3,2.0,3.0,Suburb,Furnished,3.59,5,14,Yes,111.82
HSE1858,1868.4,4,,9.0,Suburb,Unfurnished,5.46,0,1,Yes,123.72
HSE1986,939.4,3,2.0,41.0,Suburb,Unfurnished,0.96,10,18,Yes,82.78
HSE1827,1617.1,2,2.0,2.0,Downtown,Unfurnished,,2,7,Yes,142.92
HSE1208,8016.3,1,,38.0,Downtown,Furnished,,9,12,Yes,118.22
HSE1440,2035.0,4,4.0,27.0,Downtown,Unfurnished,0.89,18,32,No,162.62
HSE1131,1646.0,2,,3.0,Downtown,Semi-Furnished,0.7,9,14,Yes,128.81
HSE1380,1290.6,5,3.0,4.0,Downtown,Furnished,2.35,13,26,Yes,141.01
HSE1174,1258.8,4,,11.0,Suburb,Semi-Furnished,11.75,14,15,Yes,110.89
HSE1533,950.7,5,4.0,4.0,Suburb,Furnished,,13,16,Yes,90.89
HSE1270,1398.8,3,2.0,17.0,Rural,Semi-Furnished,15.08,0,10,Yes,70.14
HSE1407,1600.5,5,3.0,17.0,Downtown,Unfurnished,8.24,5,18,Yes,123.37
HSE1869,2026.3,3,3.0,14.0,Rural,Unfurnished,,8,18,Yes,118.25
HSE1123,1355.0,1,1.0,,Downtown,Unfurnished,12.04,15,28,No,75.09
HSE1138,1764.0,1,1.0,11.0,Suburb,Semi-Furnished,1.54,5,8,Yes,90.98
HSE1051,1140.4,1,1.0,17.0,Suburb,Semi-Furnished,,9,18,No,65.97
HSE1624,776.6,1,1.0,22.0,Suburb,Furnished,5.74,14,24,Yes,51.88
HSE1275,2134.9,1,1.0,18.0,Suburb,Furnished,,17,19,Yes,106.61
HSE1965,501.3,5,3.0,4.0,Suburb,Semi-Furnished,4.19,0,10,Yes,91.22
HSE1342,1460.2,2,1.0,0.0,Downtown,Unfurnished,5.7,17,29,Yes,109.49
HSE1256,788.5,2,2.0,19.0,,Furnished,7.2,1,3,Yes,26.36
HSE1182,1860.0,5,,,,Semi-Furnished,,5,14,Yes,102.24
HSE1617,1709.9,4,3.0,,Downtown,Semi-Furnished,17.13,15,16,No,133.39
HSE1300,962.9,2,2.0,13.0,Downtown,Furnished,2.23,6,8,No,98.22
HSE1690,2389.4,2,1.0,28.0,Downtown,Furnished,10.01,15,28,Yes,132.31
HSE1765,1222.2,2,1.0,32.0,Suburb,Semi-Furnished,4.67,10,23,Yes,64.96
HSE1240,1427.9,3,2.0,3.0,Rural,Unfurnished,0.76,17,25,No,103.29
HSE1230,822.9,3,3.0,30.0,Suburb,Unfurnished,,15,28,No,73.89
HSE1915,1517.1,3,2.0,4.0,Suburb,Unfurnished,2.79,9,10,Yes,85.07
HSE1326,742.5,5,,26.0,Suburb,Furnished,,9,12,Yes,46.74
HSE1458,776.6,1,1.0,4.0,Downtown,Furnished,6.28,12,21,Yes,83.58
HSE1681,1901.7,1,1.0,,Downtown,Unfurnished,0.46,18,24,Yes,98.87
HSE1662,1288.5,4,3.0,4.0,Suburb,Unfurnished,27.74,3,8,No,87.65
HSE1762,1799.7,1,1.0,10.0,Downtown,Furnished,6.55,13,15,Yes,107.02
HSE1465,598.3,3,2.0,24.0,Suburb,Furnished,0.72,14,17,Yes,68.92
HSE1163,1459.3,2,2.0,7.0,Suburb,Unfurnished,0.3,16,23,Yes,98.2
HSE1167,1304.0,2,1.0,14.0,Downtown,Semi-Furnished,1.39,18,21,No,113.84
HSE1145,1195.0,3,3.0,4.0,Downtown,Unfurnished,17.84,10,23,No,114.18
HSE1206,2225.5,5,3.0,41.0,Downtown,Semi-Furnished,0.3,12,19,No,141.04
HSE1500,1203.8,3,2.0,40.0,Suburb,Semi-Furnished,1.86,3,5,Yes,64.05
HSE1188,1453.0,5,4.0,8.0,Suburb,Semi-Furnished,,19,28,Yes,111.41
HSE1324,1247.0,4,3.0,0.0,Rural,Unfurnished,1.75,18,23,Yes,497.16
HSE1657,1499.7,4,,1.0,Suburb,Semi-Furnished,0.3,19,33,Yes,129.86
HSE1740,1538.4,4,4.0,37.0,Suburb,Unfurnished,0.55,6,9,Yes,117.43
HSE1830,1654.7,1,1.0,1.0,Downtown,Unfurnished,0.86,4,13,Yes,112.63
HSE1850,1254.0,1,1.0,23.0,Downtown,Furnished,8.16,12,14,Yes,70.31
HSE1991,1361.2,3,3.0,17.0,Suburb,Furnished,,18,20,No,86.57
HSE1895,1394.5,4,3.0,36.0,Downtown,Unfurnished,,1,10,No,130.08
HSE1575,2001.4,4,3.0,2.0,Rural,Furnished,8.96,14,18,Yes,115.75
HSE1079,1119.1,3,,36.0,Downtown,Unfurnished,4.39,19,22,Yes,83.77
HSE1809,891.3,4,3.0,22.0,Downtown,Furnished,15.42,9,22,Yes,76.81
HSE1687,1808.8,5,4.0,38.0,Downtown,Semi-Furnished,13.89,2,10,Yes,134.56
HSE1939,1189.6,2,1.0,16.0,Suburb,Furnished,4.46,19,29,Yes,80.29
HSE1844,1085.2,4,4.0,0.0,Downtown,Unfurnished,,13,15,Yes,126.51
HSE1229,1462.6,2,2.0,30.0,Suburb,Semi-Furnished,5.58,19,32,No,78.72
HSE1723,1011.4,4,2.0,8.0,Suburb,Furnished,19.73,1,9,Yes,67.69
HSE1912,1891.1,3,3.0,15.0,Suburb,Unfurnished,8.67,9,15,Yes,108.45
HSE1100,1587.5,2,2.0,,Downtown,Furnished,,5,11,Yes,147.0
HSE1290,1253.1,3,2.0,,Downtown,Semi-Furnished,2.93,14,20,Yes,137.58
HSE1444,1488.1,2,2.0,17.0,Rural,Unfurnished,,17,20,Yes,49.78
HSE1946,1855.7,2,2.0,1.0,Downtown,Semi-Furnished,4.92,18,30,Yes,151.33
HSE1053,1071.0,3,2.0,29.0,Rural,Unfurnished,,10,18,Yes,55.44
HSE1391,1345.6,2,2.0,24.0,Suburb,Furnished,5.99,1,11,Yes,71.31
HSE1962,1443.5,3,3.0,13.0,Downtown,Unfurnished,,16,26,No,117.58
HSE1998,786.3,4,3.0,,Rural,Furnished,5.6,7,10,Yes,34.28
HSE1666,2444.9,5,5.0,19.0,Downtown,Furnished,14.72,13,18,Yes,172.49
HSE1251,818.8,5,3.0,3.0,Suburb,Semi-Furnished,2.15,13,17,No,106.44
HSE1499,1109.8,4,3.0,6.0,Rural,Unfurnished,10.0,11,12,No,75.39
HSE1475,,2,1.0,37.0,Rural,Semi-Furnished,1.94,18,29,No,108.33
HSE1670,1834.9,1,1.0,44.0,Downtown,Semi-Furnished,18.97,15,25,Yes,95.26
HSE1271,1207.5,1,1.0,13.0,Rural,Unfurnished,5.43,2,10,Yes,52.23
HSE1044,1778.6,1,1.0,32.0,Downtown,Unfurnished,3.59,4,15,Yes,116.91
HSE1113,1489.7,5,5.0,0.0,Rural,Semi-Furnished,3.27,1,7,Yes,135.52
HSE1024,773.2,3,2.0,32.0,Suburb,Unfurnished,7.95,12,19,Yes,54.22
HSE1211,779.1,3,2.0,16.0,,Semi-Furnished,9.23,0,14,Yes,57.91
HSE1620,1356.1,2,2.0,16.0,Downtown,Semi-Furnished,0.49,16,29,Yes,126.52
HSE1169,1383.2,4,3.0,14.0,Suburb,Furnished,7.66,11,25,Yes,82.44
HSE1591,1609.8,3,3.0,15.0,Suburb,Unfurnished,0.32,13,21,No,107.92
HSE1969,2843.4,4,3.0,9.0,Suburb,Furnished,0.72,2,8,Yes,161.44
HSE1596,1453.5,5,3.0,25.0,Suburb,Furnished,7.34,14,19,No,87.28
HSE1520,1539.9,5,3.0,11.0,Suburb,Furnished,,3,6,No,117.09
HSE1032,1693.0,1,1.0,34.0,Downtown,Furnished,1.03,9,22,Yes,114.36
HSE1611,2013.1,4,3.0,40.0,Suburb,Semi-Furnished,,14,24,Yes,116.18
HSE1109,1446.9,2,1.0,14.0,Downtown,Furnished,1.71,3,11,No,114.57
HSE1136,1627.5,3,2.0,,Suburb,Unfurnished,0.93,10,16,Yes,98.85
HSE1330,944.5,2,1.0,22.0,Suburb,Semi-Furnished,2.51,12,17,No,62.87
HSE1222,1165.9,3,3.0,8.0,Downtown,Semi-Furnished,5.84,1,6,No,126.75
HSE1028,1590.3,1,1.0,32.0,Suburb,Semi-Furnished,13.76,2,4,Yes,79.68
HSE1287,1406.3,3,2.0,40.0,Suburb,Semi-Furnished,2.91,4,8,Yes,69.32
HSE1722,1010.7,3,3.0,4.0,Downtown,Semi-Furnished,11.81,4,14,Yes,100.71
HSE1055,2231.1,2,2.0,22.0,Rural,Semi-Furnished,7.95,5,10,Yes,114.21
HSE1987,1524.7,3,3.0,,Suburb,Semi-Furnished,16.32,15,18,No,80.6
HSE1881,1421.5,4,2.0,10.0,Suburb,Unfurnished,11.31,0,13,Yes,101.3
HSE1901,1177.9,3,,3.0,Downtown,Furnished,0.3,0,10,No,101.23
HSE1048,1417.7,3,3.0,3.0,Suburb,Unfurnished,13.55,2,3,No,91.91
HSE1904,1239.0,4,,31.0,Suburb,Unfurnished,,0,10,No,64.59
HSE1976,2425.4,5,3.0,,Suburb,Furnished,,5,13,No,149.88
HSE1642,1585.4,3,,36.0,Downtown,Semi-Furnished,,9,19,Yes,97.08
HSE1545,1017.7,4,2.0,34.0,Suburb,Semi-Furnished,0.43,7,10,No,84.93
HSE1477,1278.8,5,4.0,,Suburb,Unfurnished,15.26,14,24,No,110.88
HSE1547,1868.1,2,2.0,3.0,Suburb,Semi-Furnished,10.1,5,12,Yes,123.64
HSE1063,2936.9,3,2.0,,Suburb,Semi-Furnished,10.66,7,9,Yes,177.06
HSE1413,1540.3,5,3.0,,Suburb,Furnished,14.77,13,20,No,107.75
HSE1384,1614.2,4,3.0,16.0,Suburb,Semi-Furnished,,0,12,No,108.38
HSE1889,2121.7,4,4.0,,Downtown,Unfurnished,0.52,4,8,Yes,147.19
HSE1322,2089.6,1,1.0,,Suburb,Unfurnished,,0,1,Yes,91.1
HSE1451,1361.4,1,1.0,17.0,Suburb,Semi-Furnished,14.82,6,19,Yes,85.93
HSE1781,1339.3,2,2.0,15.0,Suburb,Unfurnished,,16,18,Yes,100.55
HSE1234,1360.9,5,5.0,23.0,Downtown,Semi-Furnished,6.32,10,13,Yes,105.85
HSE1656,1359.1,1,1.0,,Downtown,Semi-Furnished,,11,25,Yes,108.86
HSE1557,1771.4,4,,13.0,Downtown,Semi-Furnished,8.29,13,20,No,146.79
HSE1462,1873.3,2,1.0,3.0,Suburb,Furnished,1.46,19,26,Yes,123.13
HSE1424,2005.9,3,2.0,,Downtown,Unfurnished,4.12,4,16,Yes,138.43
HSE1880,1489.4,2,2.0,9.0,,Semi-Furnished,17.92,1,9,Yes,118.63
HSE1303,1198.2,3,2.0,20.0,Suburb,Semi-Furnished,1.85,8,21,No,71.91
HSE1884,1440.8,4,2.0,38.0,Suburb,Furnished,1.32,6,16,Yes,82.8
HSE1689,1763.0,1,1.0,2.0,Downtown,Unfurnished,27.78,9,19,Yes,99.79
HSE1219,2262.8,2,1.0,22.0,Rural,Furnished,,14,28,Yes,94.19
HSE1870,1396.8,4,4.0,33.0,Suburb,Unfurnished,2.19,12,16,Yes,96.43
HSE1296,1936.3,5,,,Suburb,Furnished,4.74,4,13,No,123.06
HSE1021,889.5,5,3.0,30.0,Downtown,Furnished,,16,25,Yes,106.99
HSE1760,1603.5,2,1.0,37.0,Downtown,Semi-Furnished,,6,9,No,98.28
HSE1420,1795.2,5,3.0,27.0,Suburb,Semi-Furnished,0.76,9,21,Yes,148.87
HSE1325,1405.9,4,3.0,6.0,Suburb,Semi-Furnished,23.03,8,18,No,81.91
HSE1199,1805.0,3,2.0,14.0,Suburb,Furnished,0.36,9,14,No,110.88
HSE1450,1143.4,2,2.0,,Suburb,Semi-Furnished,3.81,5,13,Yes,66.96
HSE1137,1383.5,3,3.0,43.0,Suburb,Semi-Furnished,27.01,13,22,Yes,44.36
HSE1536,1296.0,3,,8.0,Rural,Furnished,7.7,18,31,No,98.02
HSE1696,1414.9,5,5.0,32.0,Downtown,Furnished,,19,32,Yes,122.31
HSE1717,1463.3,1,1.0,2.0,Rural,Semi-Furnished,0.67,12,14,Yes,87.14
HSE1646,1211.3,5,4.0,14.0,Suburb,Furnished,10.23,18,31,Yes,83.34
HSE1628,1414.5,3,2.0,1.0,Downtown,Furnished,15.54,0,2,Yes,106.4
HSE1212,1389.3,3,,26.0,Suburb,Furnished,5.6,13,16,Yes,105.32
HSE1961,1385.3,5,,6.0,Suburb,Semi-Furnished,40.0,7,18,No,58.59
HSE1934,1325.8,5,5.0,38.0,Downtown,Semi-Furnished,2.1,18,22,Yes,100.83
HSE1921,878.5,1,1.0,35.0,Suburb,Furnished,,18,25,No,45.6
HSE1505,1893.5,1,1.0,37.0,Downtown,Semi-Furnished,4.81,12,18,Yes,117.23
HSE1815,731.7,1,1.0,35.0,Suburb,Unfurnished,6.97,2,6,Yes,30.29
HSE1231,1842.0,1,1.0,39.0,Suburb,Furnished,11.2,13,16,No,84.35
HSE1405,2912.0,3,,18.0,Rural,Semi-Furnished,1.26,17,18,Yes,140.53
HSE1729,1195.1,4,2.0,11.0,Downtown,Semi-Furnished,12.84,10,23,Yes,99.87
HSE1568,2585.7,1,1.0,,Rural,Semi-Furnished,,15,24,Yes,118.82
HSE1317,1315.1,3,3.0,,Downtown,Unfurnished,10.26,14,21,Yes,97.87
HSE1183,772.7,4,2.0,11.0,Rural,Unfurnished,0.73,14,17,No,57.25
HSE1856,1865.1,2,2.0,,Downtown,Unfurnished,11.3,6,13,Yes,137.01
HSE1854,915.2,5,4.0,,Downtown,Unfurnished,,18,31,No,112.59
HSE1693,1547.0,1,,37.0,Downtown,Furnished,,19,32,Yes,89.79
HSE1609,1610.9,5,3.0,1.0,Suburb,Semi-Furnished,9.46,19,27,No,127.83
HSE1626,2410.6,5,4.0,5.0,Suburb,Furnished,0.39,5,8,Yes,174.86
HSE1485,1271.0,1,1.0,4.0,Rural,Semi-Furnished,8.13,17,29,No,86.62
HSE1278,1818.7,4,3.0,6.0,Suburb,Furnished,5.42,17,29,Yes,114.83
HSE1630,1418.8,4,2.0,19.0,Suburb,Unfurnished,1.78,8,11,Yes,110.84
HSE1020,1632.1,5,3.0,28.0,Suburb,Semi-Furnished,3.8,10,20,Yes,127.16
HSE1170,1832.5,4,2.0,4.0,Suburb,Semi-Furnished,0.37,4,11,Yes,154.45
HSE1401,1205.8,1,1.0,13.0,,Furnished,12.98,16,21,Yes,36.05
HSE1924,1396.1,4,3.0,35.0,Suburb,Unfurnished,8.67,13,16,Yes,86.48
HSE1566,400.0,2,1.0,40.0,Suburb,Semi-Furnished,0.3,17,18,Yes,33.23
HSE1176,1665.3,4,3.0,30.0,Suburb,Unfurnished,4.09,10,16,Yes,100.88
HSE1327,1137.4,4,4.0,20.0,Suburb,Unfurnished,,3,10,No,98.57
HSE1706,400.0,1,1.0,0.0,Downtown,Semi-Furnished,,18,20,Yes,56.76
HSE1198,400.0,5,4.0,44.0,Rural,Unfurnished,25.82,5,10,No,18.44
HSE1470,2112.3,1,1.0,13.0,,Semi-Furnished,4.09,18,25,No,132.53
HSE1842,1462.5,1,1.0,0.0,Downtown,Semi-Furnished,13.2,13,14,No,124.49
HSE1694,1095.5,5,4.0,10.0,Downtown,Semi-Furnished,6.01,10,16,No,122.84
HSE1266,1405.0,5,5.0,12.0,Suburb,Semi-Furnished,,15,23,Yes,105.72
HSE1615,934.1,5,4.0,15.0,Rural,Semi-Furnished,15.56,6,7,Yes,68.12
HSE1732,1291.0,4,4.0,5.0,Suburb,Semi-Furnished,14.93,1,12,Yes,123.06
HSE1492,1129.9,5,5.0,1.0,Downtown,Furnished,2.36,11,13,Yes,150.62
HSE1130,1093.3,5,4.0,29.0,Suburb,Unfurnished,,8,16,No,79.37
HSE1338,1745.8,2,2.0,5.0,Suburb,Furnished,,19,25,No,103.99
HSE1851,1377.8,3,3.0,21.0,Suburb,Unfurnished,,5,17,Yes,83.98
HSE1489,1315.8,4,3.0,11.0,Rural,Semi-Furnished,,13,17,No,81.67
HSE1572,1510.1,4,2.0,25.0,Suburb,Unfurnished,6.22,8,21,No,98.21
HSE1606,2076.7,2,1.0,44.0,Downtown,Furnished,0.74,4,17,Yes,132.82
HSE1193,1607.3,5,4.0,40.0,Suburb,Semi-Furnished,1.3,3,7,No,106.21
HSE1140,1892.1,3,2.0,36.0,Rural,Unfurnished,2.25,12,14,Yes,114.87
HSE1416,1412.3,2,2.0,,,Furnished,9.72,19,25,Yes,103.31
HSE1660,1897.0,4,3.0,40.0,Suburb,Semi-Furnished,7.24,10,13,Yes,102.21
HSE1476,1594.3,1,1.0,3.0,Downtown,Unfurnished,1.03,10,17,Yes,111.12
HSE1714,699.6,2,2.0,42.0,Downtown,Furnished,2.01,3,7,Yes,94.23
HSE1152,1684.4,2,1.0,38.0,Downtown,Semi-Furnished,9.23,1,11,No,118.79
HSE1849,1579.6,3,2.0,10.0,Suburb,Semi-Furnished,5.95,0,10,No,102.47
HSE1898,,2,2.0,,Downtown,Semi-Furnished,15.98,4,8,Yes,79.9
HSE1010,409.1,1,,41.0,Downtown,Furnished,,19,30,Yes,58.16
HSE1269,1534.6,1,1.0,44.0,Downtown,Furnished,4.01,14,22,No,93.21
HSE1096,2034.3,1,1.0,12.0,Suburb,Furnished,1.83,16,18,Yes,117.16
HSE1210,1533.9,4,3.0,25.0,Suburb,Semi-Furnished,,8,12,Yes,111.74
HSE1984,1939.1,3,,14.0,Suburb,Furnished,17.05,15,23,Yes,86.82
HSE1752,2398.1,2,2.0,12.0,Suburb,Furnished,,17,27,Yes,113.16
HSE1569,1853.1,4,4.0,1.0,Downtown,Semi-Furnished,6.74,0,13,Yes,147.21
HSE1813,2190.2,3,2.0,6.0,Rural,Furnished,,11,17,Yes,143.56
HSE1775,1325.8,2,2.0,8.0,Downtown,Semi-Furnished,24.84,11,20,Yes,72.78
HSE1548,1669.4,1,1.0,36.0,Suburb,Furnished,6.18,8,15,Yes,69.08
HSE1943,1865.9,2,2.0,30.0,Rural,Unfurnished,0.75,8,11,Yes,79.81
HSE1532,1252.3,1,1.0,18.0,Rural,Unfurnished,10.29,5,11,Yes,66.7
HSE1933,1886.8,3,2.0,,Suburb,Semi-Furnished,4.61,15,24,Yes,90.85
HSE1332,1488.1,3,2.0,,Downtown,Furnished,8.6,10,24,No,122.68
HSE1075,2076.5,5,5.0,43.0,Suburb,Semi-Furnished,,14,15,No,120.13
HSE1712,1806.1,4,,0.0,Suburb,Unfurnished,3.72,15,24,No,120.11
HSE1077,1883.7,4,,17.0,,Semi-Furnished,5.84,10,12,Yes,160.26
HSE1263,1099.0,3,2.0,14.0,Suburb,Semi-Furnished,5.64,4,16,No,84.28
HSE1993,1694.8,3,2.0,38.0,Suburb,Furnished,4.83,8,14,Yes,106.55
HSE1149,1720.1,2,1.0,33.0,Downtown,Unfurnished,,19,21,No,81.43
HSE1932,1252.7,4,3.0,35.0,Rural,Semi-Furnished,0.75,6,13,No,88.8
HSE1514,402.5,3,2.0,2.0,Downtown,Furnished,10.32,2,3,Yes,80.81
HSE1940,1278.1,5,,15.0,Downtown,Furnished,7.25,7,16,Yes,130.65
HSE1469,1624.8,5,3.0,42.0,Rural,Unfurnished,0.3,19,29,Yes,97.18
HSE1564,1397.1,4,3.0,34.0,Suburb,Unfurnished,7.26,16,17,Yes,72.29
HSE1774,1008.7,5,,28.0,,Unfurnished,,16,26,No,70.7
HSE1461,1077.0,2,1.0,29.0,Suburb,Semi-Furnished,7.47,0,9,No,45.18
HSE1253,787.1,2,1.0,43.0,Downtown,Furnished,16.55,10,18,No,54.91
HSE1771,2253.5,2,2.0,19.0,Rural,Unfurnished,9.99,16,28,Yes,65.07
HSE1845,1048.2,1,1.0,44.0,Suburb,Furnished,,16,29,Yes,40.79
HSE1369,1836.6,3,2.0,6.0,Downtown,Furnished,,14,20,Yes,152.52
HSE1321,,1,1.0,9.0,Suburb,Furnished,1.57,3,9,Yes,121.83
HSE1695,901.4,3,,26.0,Suburb,Furnished,1.09,15,23,Yes,66.9
HSE1151,1999.4,3,2.0,12.0,Downtown,Unfurnished,,13,17,No,119.19
HSE1949,1935.7,5,3.0,34.0,Suburb,Semi-Furnished,,9,14,No,126.41
HSE1302,1950.3,4,3.0,29.0,Suburb,Furnished,11.4,15,23,Yes,97.06
HSE1190,1531.5,2,1.0,42.0,Downtown,Furnished,,10,13,No,101.75
HSE1586,942.4,3,3.0,11.0,Downtown,Semi-Furnished,,0,3,Yes,101.11
HSE1348,1813.6,1,,40.0,Suburb,Unfurnished,6.21,16,19,No,80.55
HSE1243,1161.6,3,3.0,43.0,Suburb,Unfurnished,,12,23,No,63.24
HSE1793,1993.7,4,3.0,37.0,Suburb,Semi-Furnished,2.53,16,19,No,116.86
HSE1087,1019.6,3,3.0,23.0,Suburb,Furnished,2.16,18,31,Yes,80.66
HSE1751,1612.6,5,3.0,30.0,Rural,Furnished,,1,11,No,97.98
HSE1655,1660.0,2,2.0,33.0,Downtown,Unfurnished,6.03,16,29,No,106.03
HSE1909,1834.2,5,5.0,29.0,Suburb,Furnished,13.01,12,14,Yes,92.24
HSE1778,1367.7,4,2.0,25.0,Suburb,Furnished,1.62,3,8,No,112.23
HSE1418,1767.1,4,,8.0,Suburb,Semi-Furnished,,6,9,Yes,98.71
HSE1288,1442.2,4,4.0,12.0,Downtown,Furnished,1.48,6,15,Yes,130.3
HSE1648,2312.0,5,3.0,43.0,Suburb,Unfurnished,17.07,17,21,Yes,122.44
HSE1166,1819.3,4,3.0,42.0,Downtown,Unfurnished,1.27,13,21,Yes,139.9
HSE1595,1127.2,1,1.0,4.0,Suburb,Semi-Furnished,17.65,3,7,Yes,53.27
HSE1937,636.1,5,3.0,25.0,Rural,Unfurnished,0.63,0,13,Yes,75.73
HSE1155,2354.9,1,1.0,13.0,Downtown,Unfurnished,2.64,9,22,Yes,141.52
HSE1356,962.7,4,4.0,43.0,Downtown,Unfurnished,5.02,17,20,Yes,103.22
HSE1381,1452.3,1,1.0,38.0,Suburb,Semi-Furnished,5.37,9,21,No,70.25
HSE1279,1604.9,2,1.0,,Suburb,Semi-Furnished,,2,15,No,67.56
HSE1126,1949.2,2,2.0,39.0,Rural,Furnished,,7,18,Yes,95.48
HSE1707,1589.5,1,,34.0,Rural,Furnished,2.84,4,6,Yes,88.58
HSE1777,1882.1,4,4.0,29.0,Suburb,Semi-Furnished,3.13,10,19,Yes,119.04
HSE1022,1709.9,2,1.0,6.0,Downtown,Unfurnished,3.35,16,26,Yes,110.54
HSE1616,1394.7,1,1.0,24.0,Downtown,Unfurnished,9.22,9,10,Yes,65.59
HSE1665,,3,2.0,,,Unfurnished,6.42,4,7,Yes,132.34
HSE1282,1224.4,2,1.0,1.0,Suburb,Semi-Furnished,5.33,6,7,Yes,73.14
HSE1903,2169.3,5,5.0,35.0,Suburb,Furnished,3.47,6,15,Yes,134.53
HSE1471,911.0,4,4.0,21.0,Rural,Unfurnished,6.39,0,13,Yes,64.7
HSE1738,2282.5,1,,44.0,,Semi-Furnished,12.58,12,25,Yes,100.08
HSE1367,1287.6,5,4.0,18.0,Rural,Unfurnished,6.22,15,27,Yes,96.36
HSE1025,2024.1,2,2.0,20.0,,Semi-Furnished,,13,21,Yes,128.69
HSE1196,1585.3,4,3.0,28.0,,Unfurnished,8.29,12,25,Yes,101.36
HSE1064,1634.4,2,1.0,25.0,Downtown,Semi-Furnished,3.09,15,23,Yes,109.65
HSE1015,1732.2,5,4.0,10.0,Downtown,Unfurnished,,15,18,Yes,150.92
HSE1466,1785.9,2,1.0,27.0,Downtown,Unfurnished,4.99,5,16,Yes,131.91
HSE1297,1692.2,1,1.0,0.0,Downtown,Furnished,26.94,2,15,Yes,76.96
HSE1883,1333.7,5,4.0,33.0,Downtown,Unfurnished,,2,6,Yes,111.4
HSE1621,1568.3,4,2.0,44.0,Downtown,Furnished,17.56,12,26,Yes,88.8
HSE1336,1286.8,4,4.0,20.0,,Furnished,0.43,15,25,Yes,99.3
HSE1820,1572.0,4,3.0,,Rural,Furnished,5.93,3,10,No,98.8
HSE1026,1169.4,1,1.0,1.0,Downtown,Unfurnished,,10,13,Yes,102.7
HSE1588,1574.1,5,5.0,9.0,Downtown,Semi-Furnished,21.93,0,2,No,115.55
HSE1043,1045.6,1,1.0,,Rural,Semi-Furnished,0.59,1,7,No,36.08
HSE1497,1569.8,1,1.0,,Downtown,Semi-Furnished,6.62,13,21,No,107.65
HSE1792,531.0,1,1.0,15.0,Suburb,Semi-Furnished,20.21,2,12,No,35.41
HSE1515,1439.6,3,2.0,2.0,Downtown,Furnished,2.99,17,25,Yes,122.95
HSE1955,2060.1,4,3.0,36.0,Suburb,Unfurnished,22.3,3,14,Yes,93.59
HSE1561,1049.0,4,4.0,16.0,Downtown,Furnished,0.61,8,14,No,117.56
HSE1917,1405.8,4,2.0,23.0,Rural,Semi-Furnished,,2,8,No,58.41
HSE1454,1500.5,5,3.0,8.0,Downtown,Furnished,16.13,12,14,No,122.45
HSE1387,1544.1,5,5.0,39.0,Downtown,Furnished,7.86,6,8,Yes,138.2
HSE1071,1199.3,1,1.0,39.0,Downtown,Furnished,11.5,13,20,Yes,85.8
HSE1542,1967.6,2,2.0,37.0,Downtown,Semi-Furnished,,1,4,Yes,82.54
HSE1456,1796.7,4,3.0,34.0,Downtown,Semi-Furnished,20.19,6,19,Yes,130.17
HSE1633,2190.0,5,4.0,28.0,,Unfurnished,19.76,7,15,Yes,129.14
HSE1431,1888.1,3,3.0,44.0,Suburb,Semi-Furnished,13.0,11,17,Yes,79.37
HSE1627,1503.1,1,1.0,37.0,Suburb,Semi-Furnished,3.47,12,25,Yes,90.48
HSE1653,1712.6,1,1.0,37.0,Suburb,Semi-Furnished,,3,8,Yes,75.41
HSE1728,723.4,4,3.0,9.0,Downtown,Unfurnished,14.94,12,16,Yes,68.3
HSE1264,531.7,2,1.0,16.0,,Furnished,13.48,7,15,Yes,22.51
HSE1209,1834.0,3,3.0,31.0,Downtown,Unfurnished,,12,18,Yes,130.49
HSE1316,1009.1,3,2.0,32.0,Suburb,Semi-Furnished,3.48,12,25,No,77.11
HSE1896,1147.3,3,3.0,14.0,Downtown,Semi-Furnished,8.52,4,12,No,465.82
HSE1513,1237.8,2,2.0,31.0,Rural,Furnished,0.7,7,17,Yes,49.16
HSE1313,751.9,3,2.0,32.0,Rural,Unfurnished,15.31,8,15,No,28.58
HSE1534,1271.3,3,2.0,31.0,Suburb,Semi-Furnished,,16,28,Yes,87.55
HSE1829,1069.3,2,2.0,5.0,Suburb,Furnished,0.3,3,11,Yes,72.95
HSE1319,1403.3,5,3.0,35.0,Downtown,Furnished,18.91,11,17,Yes,99.32
HSE1007,1378.0,2,,,Rural,Unfurnished,8.7,1,10,No,48.52
HSE1393,1333.7,5,5.0,29.0,Suburb,Semi-Furnished,1.5,12,19,No,123.77
HSE1141,894.3,2,2.0,,Downtown,Semi-Furnished,10.11,16,26,Yes,81.76
HSE1086,2428.1,4,3.0,25.0,Suburb,Semi-Furnished,1.89,13,15,Yes,145.32
HSE1864,1748.2,4,3.0,39.0,Suburb,Unfurnished,9.26,0,4,Yes,93.6
HSE1478,1863.2,2,,23.0,Rural,Unfurnished,1.36,5,15,Yes,85.87
HSE1503,1131.3,1,1.0,33.0,Rural,Semi-Furnished,,3,5,No,36.17
HSE1753,2899.5,3,3.0,15.0,Downtown,Furnished,17.53,17,24,No,169.36
HSE1215,1420.9,3,3.0,41.0,Downtown,Furnished,1.29,14,27,Yes,118.02
HSE1580,1802.8,2,2.0,19.0,Suburb,Furnished,,3,9,Yes,100.88
HSE1562,1833.4,3,3.0,35.0,Downtown,Unfurnished,2.56,9,20,No,138.93
HSE1398,702.1,4,3.0,8.0,Suburb,Semi-Furnished,0.99,8,9,Yes,58.12
HSE1925,2154.0,1,,17.0,Downtown,Furnished,18.69,2,8,No,124.9
HSE1668,,4,2.0,26.0,Downtown,Furnished,4.5,14,17,Yes,131.7
HSE1490,1264.2,2,1.0,38.0,Suburb,Furnished,7.15,12,21,No,62.15
HSE1252,688.6,4,,30.0,Rural,Furnished,10.0,11,22,No,42.28
HSE1907,1712.4,2,2.0,0.0,Downtown,Semi-Furnished,,19,29,Yes,134.08
HSE1468,1527.0,5,5.0,1.0,Downtown,Unfurnished,3.29,0,2,Yes,155.73
HSE1914,1156.5,5,4.0,0.0,Suburb,Semi-Furnished,,0,10,No,105.06
HSE1357,1564.3,5,3.0,44.0,Suburb,Semi-Furnished,3.59,15,28,Yes,100.54
HSE1254,1620.2,4,2.0,30.0,Downtown,Semi-Furnished,1.08,19,28,No,129.86
HSE1276,1455.6,4,4.0,44.0,Suburb,Furnished,4.13,14,23,No,101.23
HSE1178,1399.4,5,4.0,15.0,Rural,Unfurnished,4.17,7,8,Yes,102.14
HSE1281,1629.2,5,4.0,33.0,Downtown,Unfurnished,12.64,16,26,Yes,106.07
HSE1390,1621.1,4,2.0,37.0,Rural,Furnished,5.74,12,15,Yes,82.81
HSE1508,1882.9,1,1.0,43.0,Rural,Semi-Furnished,24.24,2,6,Yes,38.56
HSE1749,1050.9,2,2.0,36.0,Suburb,Furnished,0.3,7,19,Yes,81.68
HSE1583,1241.9,2,2.0,12.0,Downtown,Semi-Furnished,1.44,5,8,Yes,130.99
HSE1972,1914.8,3,2.0,4.0,Suburb,Furnished,14.51,0,5,Yes,97.77
HSE1129,,5,4.0,15.0,Suburb,Furnished,4.34,0,7,Yes,115.97
HSE1144,1049.9,4,3.0,11.0,Downtown,Furnished,7.63,1,14,No,107.92
HSE1960,1747.0,1,1.0,28.0,,Furnished,5.19,3,9,Yes,117.29
HSE1847,1531.2,2,1.0,40.0,Rural,Furnished,,11,20,Yes,60.78
HSE1645,1508.6,2,1.0,9.0,Rural,Unfurnished,7.15,16,20,Yes,59.89
HSE1715,1643.8,2,1.0,37.0,Rural,Unfurnished,12.13,18,27,No,67.98
HSE1905,1607.7,1,1.0,27.0,Rural,Furnished,0.6,0,4,Yes,65.59
HSE1767,8285.4,5,3.0,37.0,Rural,Semi-Furnished,,18,26,Yes,67.12
HSE1072,2343.0,5,5.0,11.0,Downtown,Furnished,1.24,4,15,Yes,193.8
HSE1908,1534.2,2,,34.0,Downtown,Semi-Furnished,,15,20,No,117.19
HSE1235,1161.5,3,2.0,25.0,,Semi-Furnished,0.75,16,17,Yes,58.63
HSE1037,1538.8,5,4.0,43.0,Downtown,Unfurnished,4.72,5,12,Yes,106.65
